Experiment_id,Temperature,Model,Place,Income,Answers,Obs.,Configuration
TU2_1_1_1,0.01,gpt-3.5-turbo,hotel,0,"['$10', '$10', '$10', '$10', '$10', '$10', '$10', '$10', '$10', '$10', '$10', '$10', '$10', '$10', '$10', '$10', '$10', '$10', '$10', '$10', '$10', '$10', '$10', '$10', '$10', '$10', '$10', '$10', '$10', '$10', '$10', '$10', '$10', '$10', '$10', '$10', '$10', '$10', '$10', '$10', '$10', '$10', '$10', '$10', '$10', '$10', '$10', '$10', '$10', '$10', '$10', '$10', '$10', '$10', '$10', '$10', '$10', '$10', '$10', '$10', '$10', '$10', '$10', '$10', '$10', '$10', '$10', '$10', '$10', '$10', '$10', '$10', '$10', '$10', '$10', '$10', '$10', '$10', '$10', '$10', '$10', '$10', '$10', '$10', '$10', '$10', '$10', '$10', '$10', '$10', '$10', '$10', '$10', '$10', '$10', '$10', '$10', '$10', '$10', '$10']",100,1
TU2_1_1_1,0.5,gpt-3.5-turbo,hotel,0,"['$10', '$10', '$10', '$10', '$5', '$10', '$5', '$10', '$10', '$10', '$5', '$5', '$10', '$10', '$10', '$10', '$5', '$5', '$10', '$10', '$5', '$10', '$5', '$5', '$10', '$10', '$5', '$5', '$10', '$10', '$5', '$10', '$10', '$10', '$5', '$10', '$5', '$5', '$10', '$10', '$10', '$5', '$5', '$10', '$5', '$8', '$10', '$5', '$10', '$10', '$5', '$10', '$5', '$10', '$10', '$5', '$10', '$10', '$10', '$10', '$5', '$10', '$5', '$10', '$5', '$10', '$5', '$5', '$10', '$5', '$10', '$10', '$10', '$10', '$5', '$10', '$5', '$10', '$10', '$10', '$10', '$5', '$10', '$10', '$10', '$10', '$10', '$5', '$10', '$5', '$10', '$5', '$5', '$10', '$10', '$10', '$5', '$10', '$10', '$10']",100,1
TU2_1_1_1,1.0,gpt-3.5-turbo,hotel,0,"['$5', '$10', '$5', '$10', '$5', '$10', '$10', '$5', '$10', '$10', '$5', '$5', '$10', '$10', '$5', '$10', '$7', '$5', '$10', '$5', '$10', '$10', '$10', '$5', '$5', '$10', '$8', '$5', '$10', '$5', '$5', '$5', '$5', '$10', '$5', '$10', '$10', '$5', '$5', '$5', '$5', '$10', '$5', '$5', '$5', '$10', '$10', '$10', '$10', '$7', '$10', '$10', '$10', '$5', '$5', '$7', '$4', '$10', '$10', '$5', '$5', '$5', '$5', '$5', '$5', '$10', '$10', '$5', '$5', '$5', '$5', '$5', '$10', '$5', '$5', '$5', '$10', '$5', '$7', '$10', '$10', '$5', '$8', '$10', '$10', '$5', '$6', '$10', '$5', '$10', '$5', '$10', '$5', '$10', '$8', '$10', '$10', '$10', '$10', '$10']",100,1
TU2_1_1_1,1.5,gpt-3.5-turbo,hotel,0,"['$5', '$10', '$10', '$5', '$5', '$10', '$10', '$7', '$5', '$5', '$5', '$7', '$10', '$10', '$5', '$6', '$5', '$10', '$5', '$7', '$5', '$10', '$5', '$10', '$7', '$10', '$10', '$5', '$5', '$10', '$15', '$5', '$5', '$10', '$7', '$5', '$7', '$6', '$5', '$2', '$10', '$5', '$10', '$5', '$5', '$5', '$10', '$10', '$5', '$5', '$8', '$10', '$8', '$10', '$10', '$5', '10.', '$5', '$5', '$5', '$10', '$7', '$5', '$10', '$8', '$10', '$10', '$7', '$8', '$10', '$7', '$10', '$5', '$5', '$10', '$5', '$8', '$10', '$10', '11.', '$5', '$10', '$5', '$5', '$10', '$10', '$5', '$10', '$10', '$5', '$7', '$5', '$10', '$10', '$7', '$10', '$5', '$10', '$5', '$5']",98,1
TU2_1_1_1,2.0,gpt-3.5-turbo,hotel,0,"['$10', '$10', '$5', '$5', '$10', '$5', '$10', '$10', '10.', '$5', '$5', '$5', 'Think of', '$5', '$10', '$10', '$10', '$7', '$5', '$5', '$5', '$4', '10.', '$10', '$10', '$7', '$8', '$10', '$5', '$10', '$10', '$10', '$7', '3.', '$5', '$10', '$10', '$10', '$5', '$5', '$5', '$10', '$8', '$5', '8.', '$10', '$10', '$5', '$4', '10.', '$10', '$10', '$10', '$5', '$10', '10.', '$10', '$10', '$7', '10.', ""Here's"", '$\\_', '$x.xx', '9.', '$7', '$10', '$8', '$10', '$7', '$5', '$10', '$10', '15.', '$10', '$12', '$10', '70', '$5', '$5', '$7', '$10', '$10', '$10', '14.', '$7', '$10', '$8', '5.', '$5', '$5', '9.', '$10', '$5', '$10', '$10', '$5', '$7', '10.', '$10', '$6']",84,1
TU2_2_1_1,0.01,gpt-4-1106-preview,hotel,0,"['$6', '$6', '$6', '$6', '$6', '$6', '$6', '$6', '$6', '$6', '$6', '$6', '$6', '$6', '$6', '$6', '$6', '$6', '$6', '$6', '$6', '$6', '$6', '$6', '$6', '$6', '$6', '$6', '$6', '$6', '$6', '$6', '$6', '$6', '$6', '$6', '$6', '$6', '$6', '$6', '$6', '$6', '$6', '$6', '$6', '$6', '$6', '$6', '$6', '$6']",50,1
TU2_2_1_1,0.5,gpt-4-1106-preview,hotel,0,"['$6', '$6', '$6', '$6', '$6', '$6', '$6', '$6', '$6', '$6', '$6', '$6', '$6', '$6', '$6', '$6', '$6', '$6', '$6', '$6', '$6', '$6', '$6', '$6', '$6', '$6', '$6', '$6', '$6', '$6', '$6', '$6', '$6', '$6', '$6', '$6', '$6', '$6', '$6', '$6', '$6', '$6', '$6', '$6', '$6', '$6', '$6', '$6', '$6', '$6']",50,1
TU2_2_1_1,1.0,gpt-4-1106-preview,hotel,0,"['$6', '$7', '$6', '$6', '$6', '$6', '$6', '$6', '$7', '$6', '$6', '$6', '$6', '$6', '$6', '$6', '$6', '$6', '$6', '$6', '$6', '$6', '$6', '$6', '$6', '$6', '$6', '$6', '$6', '$7', '$6', '$6', '$6', '$6', '$6', '$6', '$6', '$7', '$6', '$6', '$6', '$6', '$6', '$6', '$6', '$6', '$6', '$6', '$6', '$6']",50,1
TU2_2_1_1,1.5,gpt-4-1106-preview,hotel,0,"['$6', '$6', '$6', '$6', '$6', '$6', '$6', '$6', '$6', '$6', '$6', '$6', '$6', '$7', '$7', '$6', '$6', '$6', '$6', '$6', '$6', '$6', '$6', '$6', '$7', '$6', '$6', '$6', '$6', '$6', '$6', '$6', '$5', '$6', '$15', '$7', '$6', '$6', '$6', '$6', '$6', '$6', '$6', '$7', '$6', '$6', '$6', '$6', '$7', '$6']",50,1
TU2_2_1_1,2.0,gpt-4-1106-preview,hotel,0,"['$6', '$7', '$7', '$6', '$12', '$6', '$6', '$6', '$6', '$6', '$6', '$6', '$7', '$6', '$6', '$5', '$6', '$7', '$7', '$6', '$6', '$6', '$6', '$6', '$15', '$6', '$15', '$7', '$6', '$6', '$10', '$6', '$6', '$6', '$7', '$6', '$6', '$12', '$7', '$6', '$6', '$6', '$6', '$7', '$10', '$7', '$5', '$6', '$7', '$7']",50,1
TU2_3_1_1,0.01,llama-2-70b,hotel,0,"['$5.00', '$5.00', '$5.00', '$5.00', '$5.00', '$5.00', '$5.00', '$5.00', '$5.00', '$5.00', '$5.00', '$5.00', '$5.00', '$5.00', '$5.00', '$5.00', '$5.00', '$5.00', '$5.00', '$5.00', '$5.00', '$5.00', '$5.00', '$5.00', '$5.00', '$5.00', '$5.00', '$5.00', '$5.00', '$5.00', '$5.00', '$5.00', '$5.00', '$5.00', '$5.00', '$5.00', '$5.00', '$5.00', '$5.00', '$5.00', '$5.00', '$5.00', '$5.00', '$5.00', '$5.00', '$5.00', '$5.00', '$5.00', '$5.00', '$5.00']",50,1
TU2_3_1_1,0.5,llama-2-70b,hotel,0,"['$5.00', '$5.00', '$5.00', '$5.00', '$5.00', '$5.00', '$5.00', '$5.00', '$5.00', '$5.00', '$5.00', '$5.00', '$5.00', '$5.00', '$5.00', '$5.00', '$5.00', '$5.00', '$5.00', '$5.00', '$5.00', '$5.00', '$5.00', '$5.00', '$5.00', '$5.00', '$5.00', '$5.00', '$5.00', '$5.00', '$5.00', '$5.00', '$5.00', '$5.00', '$5.00', '$5.00', '$5.00', '$5.00', '$5.00', '$5.00', '$5.00', '$5.00', '$5.00', '$5.00', '$5.00', '$5.00', '$5.00', '$5.00', '$5.00', '$5.00']",50,1
TU2_3_1_1,1.0,llama-2-70b,hotel,0,"['$5.00', '$5.00', '$7.50', '$5.00', '$5.00', '$5.00', '$7.50', '$5.00', '$4.50', '$5.00', '$5.00', '$5.00', '$5.00', '$5.00', '$5.00', '$7.50', '$5.00', '$5.00', '$5.00', '$5.00', '$5.00', '$5.00', '$7.50', '$5.00', '$7.50', '$5.00', '$5.00', '$5.00', '$5.00', '$5.00', '$5.00', '$4.50', '$5.00', '$5.00', '$5.00', '$5.00', '$5.00', '$7.50', '$7.50', '$5.00', '$5.00', '$5.00', '$5.00', '$7.50', '$5.00', '$5.00', '$5.00', '$5.00', '$5.00', '$5.00']",50,1
TU2_3_1_1,1.5,llama-2-70b,hotel,0,"['$7.50', '$6.50', '$6.50', '$7.50', '$5.00', '$5.00', '$7.50', '$5.00', '$5.00', '$7.50', '$6.50', '$5.00', '$5.00', '$5.00', '$5.00', '$7.50', '$7.50', '$4.50', '$5.00', '$6.50', '$5.00', '$5.00', '$6.50', '$4.50', '$6.50', '$5.00', '$7.50', '$5.00', '$4.50', '$5.00', '$5.00', '$5.00', '$7.50', '$5.00', '$5.00', '$7.50', '$7.50', '$5.00', '$7.50', '$4.50', '$5.00', '$7.50', '$4.50', '$5.00', '$6.50', '$7.50', '$7.50', '$4.50', '$5.00', '$8.50']",50,1
TU2_3_1_1,2.0,llama-2-70b,hotel,0,"['$4.50', '$6.50', '$7.50', '$5.00', '$5.50', '$5.50', '$5.50', '$6.50', '$6.50', '$4.50', '$5.50', '$5.00', '$4.50', '$5.00', '$4.75', '$8.50', '$7.50', '$7.50', '$5.00', '$7.50', '$5.00', '$5.00', '$6.75', '$5.50', '$5.00', '$6.50', '$4.99', '$5.50', '$5.50', '$5.50', '$4.50', '$5.50', '$5.50', '$4.50', '$5.50', '$4.50', '$4.50', '$6.50', '$5.00', '$6.50', '$5.50', '$6.75', '$5.00', '$5.00', '$5.50', '$7.50', '$7.50', '$5.00', '$5.00', '$5.00']",50,1
TU2_1_1_2,0.01,gpt-3.5-turbo,hotel,$50k,"['$10', '$10', '$10', '$10', '$10', '$10', '$10', '$10', '$10', '$10', '$10', '$10', '$10', '$10', '$10', '$10', '$10', '$10', '$10', '$10', '$10', '$10', '$10', '$10', '$10', '$10', '$10', '$10', '$10', '$10', '$10', '$10', '$10', '$10', '$10', '$10', '$10', '$10', '$10', '$10', '$10', '$10', '$10', '$10', '$10', '$10', '$10', '$10', '$10', '$10', '$10', '$10', '$10', '$10', '$10', '$10', '$10', '$10', '$10', '$10', '$10', '$10', '$10', '$10', '$10', '$10', '$10', '$10', '$10', '$10', '$10', '$10', '$10', '$10', '$10', '$10', '$10', '$10', '$10', '$10', '$10', '$10', '$10', '$10', '$10', '$10', '$10', '$10', '$10', '$10', '$10', '$10', '$10', '$10', '$10', '$10', '$10', '$10', '$10', '$10']",100,2
TU2_1_1_2,0.5,gpt-3.5-turbo,hotel,$50k,"['$10', '$7', '$10', '$10', '$10', '$10', '$10', '$10', '$10', '$10', '$10', '$10', '$10', '$10', '$10', '$10', '$5', '$10', '$10', '$10', '$10', '$10', '$10', '$10', '$10', '$10', '$10', '$10', '$10', '$10', '$10', '$5', '$10', '$10', '$10', '$10', '$10', '$10', '$10', '$10', '$10', '$10', '$10', '$10', '$10', '$10', '$10', '$10', '$10', '$10', '$8', '$10', '$5', '$10', '$10', '$10', '$10', '$10', '$10', '$10', '$10', '$10', '$10', '$10', '$10', '$10', '$10', '$10', '$10', '$10', '$10', '$10', '$10', '$10', '$10', '$10', '$10', '$10', '$10', '$10', '$10', '$10', '$10', '$10', '$10', '$10', '$10', '$10', '$10', '$10', '$10', '$10', '$10', '$10', '$10', '$10', '$10', '$10', '$10', '$10']",100,2
TU2_1_1_2,1.0,gpt-3.5-turbo,hotel,$50k,"['$10', '$10', '$10', '$10', '$10', '$10', '$8', '$10', '$10', '$5', '$10', '$10', '$10', '$10', '$10', '$10', '$10', '$10', '$10', '$10', '$10', '$10', '$10', '$10', '$8', '$10', '$10', '$10', '$5', '$10', '$10', '$10', '$7', '$5', '$10', '$10', '$10', '$10', '$10', '$7', '$8', '$7', '$5', '$10', '$10', '$10', '$10', '$10', '$5', '$6', '$10', '$10', '$8', '$10', '$10', '$8', '$10', '$8', '$10', '$10', '$10', '$5', '$10', '$10', '$10', '$10', '$8', '$10', '$10', '$5', '$7', '$10', '$10', '$10', '$7', '$10', '$10', '$10', '$8', '$10', '$10', '$10', '$8', '$10', '$7', '$8', '$10', '$10', '$10', '$10', '$10', '$5', '$5', '$10', '$10', '$7', '$10', '$5', '$7', '$5']",100,2
TU2_1_1_2,1.5,gpt-3.5-turbo,hotel,$50k,"['$6', '$8', '$10', '$7', '$10', '$5', '$7', '$10', '$10', '$6', '$15', '$10', '$10', '$5', '$6', '$10', '$10', '$8', '$10', '$10', '$10', '$10', '$10', '$10', '$7', '$10', '$10', '$10', '$10', '$5', '$5', '$8', '$8', '$8', '$10', '$6', '$9', '$5', '$8', '$8', '$10', '$5', '$7', '$10', '$5', '12.', '$10', '$10', '$10', '$10', '$10', '$7', '$10', '$10', '$8', '$5', '$7', '$5', '$10', '$6', '$10', '$10', '$7', '$5', '$10', '$10', '$10', '$10', '$6', '$5', '$9', '$10', '$8', '$10', '$5', '$10', '$10', '$10', '$10', '$8', '$10', '$10', '$10', '$10', '$15', '$10', '$10', '$10', '$10', '$7', '$10', '$7', '$10', '$6', '$8', '$10', '$8', '$10', '$9', '$10']",99,2
TU2_1_1_2,2.0,gpt-3.5-turbo,hotel,$50k,"['$7', '$8', '$8', '$12', '$12', '$10', '$5', '$20', '$4', '$8', '$15', '$5', '$7', '$10', '$15', '$7', '$10', '$5', '$5', '$10', '$10', '$10', '- Ten', '$10', '10.', '$5', '$10', '$8', '$7', '$5', '$10', '$7', '$10', '$10', 'Beer price', '$10', '34.', '$10', '$10', '$10', '$10', '$12', '$I000', '$20', '$10', '$8', '$5', '$10', '$10', '$9', '$10', '$10', '$7', '$5', '$5', '$10', '$ attention', '$10', '$5', '$10', '10.', '$10', '$10', '$15', 'IC', 'Jan.ReadToEnd', '$8', '$10', '$10', '$10', '-$8', '$10', '$5', '$5', '$7', '$5', '$76', '$7', '$15', '$10', '$12', '$10', '$13', '$7', '$12', '$10', '$12', '18.', '$12', '$15', '$8', '$8', '$10', '$8', '$7', '$5', '$8', '$5', '$10', '$5']",91,2
TU2_2_1_2,0.01,gpt-4-1106-preview,hotel,$50k,"['$6', '$6', '$6', '$6', '$6', '$6', '$6', '$6', '$6', '$6', '$6', '$6', '$6', '$6', '$6', '$6', '$6', '$6', '$6', '$6', '$6', '$6', '$6', '$6', '$6', '$6', '$6', '$6', '$6', '$6', '$6', '$6', '$6', '$6', '$6', '$6', '$6', '$6', '$6', '$6', '$6', '$6', '$6', '$6', '$6', '$6', '$6', '$6', '$6', '$6']",50,2
TU2_2_1_2,0.5,gpt-4-1106-preview,hotel,$50k,"['$6', '$6', '$6', '$6', '$6', '$6', '$6', '$6', '$6', '$6', '$6', '$6', '$6', '$6', '$6', '$6', '$6', '$6', '$6', '$6', '$6', '$6', '$6', '$6', '$6', '$6', '$6', '$6', '$6', '$6', '$6', '$6', '$6', '$6', '$6', '$6', '$6', '$6', '$6', '$6', '$6', '$6', '$6', '$6', '$6', '$6', '$6', '$6', '$6', '$6']",50,2
TU2_2_1_2,1.0,gpt-4-1106-preview,hotel,$50k,"['$6', '$6', '$6', '$6', '$6', '$6', '$6', '$6', '$6', '$6', '$6', '$6', '$6', '$6', '$6', '$6', '$6', '$6', '$6', '$6', '$6', '$6', '$6', '$6', '$6', '$6', '$6', '$6', '$6', '$6', '$6', '$6', '$6', '$6', '$6', '$6', '$6', '$6', '$6', '$6', '$6', '$6', '$6', '$6', '$6', '$6', '$6', '$6', '$6', '$6']",50,2
TU2_2_1_2,1.5,gpt-4-1106-preview,hotel,$50k,"['$7', '$6', '$7', '$6', '$6', '$6', '$6', '$6', '$6', '$6', '$6', '$6', '$6', '$6', '$6', '$6', '$6', '$6', '$6', '$6', '$6', '$6', '$6', '$6', '$6', '$6', '$6', '$6', '$6', '$6', '$6', '$6', '$6', '$6', '$6', '$6', '$6', '$6', '$6', '$6', '$7', '$6', '$6', '$6', '$6', '$6', '$6', '$6', '$6', '$6']",50,2
TU2_2_1_2,2.0,gpt-4-1106-preview,hotel,$50k,"['$12', '$6', '$6', '$6', '$6', '$6', '$6', '$6', '$100', '$6', '$6', '$6', '$6', '$6', '$6', '$6', '$6', '$6', '$6', '$6', '$100', '$4', '$6', '$6', '$4', '$6', '$6', '$6', '$6', '$6', '$7', '$6', '$6', '$6', '$6', '$6', '$6', '$6', '$6', '$7', '$6', '$7', '$6', '$6', '$6', '$6', '$6', '$6', '$6', '$6']",50,2
TU2_3_1_2,0.01,llama-2-70b,hotel,$50k,"['$7.50', '$7.50', '$7.50', '$7.50', '$7.50', '$7.50', '$7.50', '$7.50', '$7.50', '$7.50', '$7.50', '$7.50', '$7.50', '$7.50', '$7.50', '$7.50', '$7.50', '$7.50', '$7.50', '$7.50', '$7.50', '$7.50', '$7.50', '$7.50', '$7.50', '$4.50', '$7.50', '$4.50', '$7.50', '$7.50', '$7.50', '$7.50', '$7.50', '$4.50', '$7.50', '$7.50', '$7.50', '$7.50', '$7.50', '$7.50', '$7.50', '$7.50', '$7.50', '$7.50', '$4.50', '$7.50', '$7.50', '$7.50', '$7.50', '$7.50']",50,2
TU2_3_1_2,0.5,llama-2-70b,hotel,$50k,"['$7.50', '$7.50', '$7.50', '$7.50', '$7.50', '$7.50', '$7.50', '$7.50', '$7.50', '$7.50', '$7.50', '$7.50', '$7.50', '$7.50', '$7.50', '$7.50', '$7.50', '$7.50', '$7.50', '$7.50', '$7.50', '$7.50', '$7.50', '$7.50', '$7.50', '$7.50', '$7.50', '$7.50', '$7.50', '$7.50', '$7.50', '$7.50', '$7.50', '$7.50', '$7.50', '$7.50', '$7.50', '$7.50', '$7.50', '$7.50', '$7.50', '$7.50', '$7.50', '$7.50', '$7.50', '$7.50', '$7.50', '$7.50', '$7.50', '$7.50']",50,2
TU2_3_1_2,1.0,llama-2-70b,hotel,$50k,"['$4.50', '$7.50', '$4.50', '$7.50', '$7.50', '$7.50', '$7.50', '$7.50', '$4.50', '$4.50', '$7.50', '$4.50', '$4.50', '$4.50', '$4.50', '$7.50', '$7.50', '$7.50', '$4.50', '$4.50', '$4.50', '$7.50', '$4.50', '$7.50', '$4.50', '$4.50', '$7.50', '$4.50', '$4.50', '$7.50', '$7.50', '$7.50', '$7.50', '$7.50', '$4.50', '$4.50', '$4.50', '$7.50', '$4.50', '$4.50', '$7.50', '$7.50', '$7.50', '$4.50', '$7.50', '$7.50', '$7.50', '$7.50', '$7.50', '$4.50']",50,2
TU2_3_1_2,1.5,llama-2-70b,hotel,$50k,"['$7.50', '$4.50', '$4.50', '$7.50', '$4.50', '$4.50', '$4.50', '$7.50', '$7.50', '$4.50', '$4.50', '$4.50', '$4.50', '$4.50', '$4.99', '$4.50', '$7.50', '$4.50', '$7.50', '$7.50', '$4.99', '$4.50', '$7.50', '$7.50', '$7.50', '$4.50', '$7.50', '$4.50', '$7.50', '$4.50', '$4.50', '$4.50', '$7.50', '$4.50', '$4.50', '$7.50', '$4.50', '$4.50', '$7.50', '$4.50', '$7.50', '$4.50', '$4.50', '$7.50', '$7.50', '$4.50', '$7.50', '$4.50', '$7.50', '$4.50']",50,2
TU2_3_1_2,2.0,llama-2-70b,hotel,$50k,"['$4.50', '$7.50', 'Sure! The price I would give in this', '$7.50', ""Sure! I'd be happy to help"", '$8.75', '$7.50', '$4.50', '$7.50', '$4.99', '$4.99', '$7.50', ""Sure! Here's my answer:"", '$8.50', '$4.99', '$4.50', '$7.50', '$7.50', '$7.50', '$8.75', '$4.50', '$7.50', '$7.50', '$4.50', '$7.50', 'I would say $7.50.', '$4.50', '$4.50', '$4.50', '$4.50', '$4.99', '$7.50', '$8.50', ""Sure! Here's my answer:"", '$4.50', '$4.99', '$7.50', '$8.50', '$4.50', '$4.50', 'Sure! The price I would give my companion', '$7.50', '$4.50', '$4.50', '$7.50', '$4.50', '$8.75', '$7.50', '$4.50', '$7.50']",44,2
TU2_1_1_3,0.01,gpt-3.5-turbo,hotel,$70k,"['$10', '$10', '$10', '$10', '$10', '$10', '$10', '$10', '$10', '$10', '$10', '$10', '$10', '$10', '$10', '$10', '$10', '$10', '$10', '$10', '$10', '$10', '$10', '$10', '$10', '$10', '$10', '$10', '$10', '$10', '$10', '$10', '$10', '$10', '$10', '$10', '$10', '$10', '$10', '$10', '$10', '$10', '$10', '$10', '$10', '$10', '$10', '$10', '$10', '$10', '$10', '$10', '$10', '$10', '$10', '$10', '$10', '$10', '$10', '$10', '$10', '$10', '$10', '$10', '$10', '$10', '$10', '$10', '$10', '$10', '$10', '$10', '$10', '$10', '$10', '$10', '$10', '$10', '$10', '$10', '$10', '$10', '$10', '$10', '$10', '$10', '$10', '$10', '$10', '$10', '$10', '$10', '$10', '$10', '$10', '$10', '$10', '$10', '$10', '$10']",100,3
TU2_1_1_3,0.5,gpt-3.5-turbo,hotel,$70k,"['$10', '$10', '$10', '$10', '$8', '$10', '$10', '$10', '$8', '$10', '$10', '$10', '$10', '$10', '$10', '$10', '$10', '$8', '$10', '$10', '$10', '$10', '$8', '$10', '$10', '$10', '$10', '$10', '$8', '$8', '$10', '$10', '$10', '$10', '$10', '$10', '$10', '$10', '$10', '$10', '$10', '$10', '$10', '$10', '$10', '$10', '$10', '$10', '$10', '$10', '$8', '$10', '$10', '$10', '$10', '$10', '$10', '$10', '$10', '$10', '$8', '$10', '$10', '$10', '$10', '$10', '$10', '$10', '$10', '$10', '$10', '$10', '$10', '$10', '$10', '$10', '$10', '$10', '$10', '$10', '$10', '$10', '$10', '$10', '$10', '$10', '$10', '$10', '$10', '$10', '$10', '$10', '$10', '$10', '$10', '$10', '$10', '$10', '$10', '$8']",100,3
TU2_1_1_3,1.0,gpt-3.5-turbo,hotel,$70k,"['$7', '$10', '$7', '$8', '$10', '$10', '$10', '$10', '$10', '$10', '$10', '$10', '$5', '$10', '$10', '$10', '$8', '$7', '$8', '$10', '$10', '$8', '$10', '$10', '$10', '$10', '$10', '$10', '$8', '$8', '$7', '$10', '$10', '$8', '$10', '$10', '$5', '$10', '$10', '$8', '$5', '$10', '$5', '$10', '$8', '$5', '$10', '$10', '$10', '$10', '$10', '$7', '$10', '$5', '$8', '$8', '$10', '$8', '$8', '$10', '$10', '$15', '$7', '$10', '$10', '$10', '$10', '$10', '$10', '$10', '$10', '$10', '$9', '$10', '$8', '$10', '$10', '$8', '$10', '$10', '$10', '$10', '$10', '$10', '$5', '$10', '$7', '$10', '$7', '$12', '$8', '$10', '$10', '$10', '$10', '$10', '$5', '$8', '$7', '$10']",100,3
TU2_1_1_3,1.5,gpt-3.5-turbo,hotel,$70k,"['$15', '$9', '136.', '$10', '$10', '$10', '$10', '$7', '$10', '$7', '$10', '$10', '$15', '$8', '$8', '$7', '$10', '$12', '$5', '$8', '$10', '$15', '$5', '$10', '$5', '10.', '$15', '$10', '$8', '$10', '$15', '$5', '$10', '$9', '$15', '$10', '$12', '$10', '$10', '$10', '$10', '$7', '$8', '$10', '$15', '$10', '$15', '$7', '$8', '$10', '$7', '$5', '$7', '$8', '$12', '$10', '$10', '$5', '$10', '$10', '$20', '$10', '$5', '$10', '$7', '$7', '$10', '$12', '$7', '$10', '$7', '$8', '$8', '$12', '$8', '$7', '$10', '$7', '$6', '$5', '$8', '$10', '$10', '$10', '$7', '$6', '$9', '$6', '$10', '$10', '$10', '$10', '$12', '$7', '$8', '$10', '$10', '$5', '$10', '$8']",98,3
TU2_1_1_3,2.0,gpt-3.5-turbo,hotel,$70k,"['11.', '$7', '$7', '$6', '$5', '$7', 'dollar', '$8', '$8', '$10', '$15', '$5', '$7', '$8', '$8', '$8', '$10', '$5', '$10', '$10', '$7', '$10', '$5', '$8', '$9', '$10', '$8', '17.', '$7', '$5', '$10', '$5', '$10', '$7', '10.', '$6', '$9', '$7', '$5', '$7', '$7', '$7', '$10', '$12', '$5', '$7', '$10', '$9', '$8', '$15', '$10', '$10', '$10', '$15', '$8', '$10', '$20', '$10', '$10', '$8', '$20', '$3', '$6', '$10', '$8', '$10', '$14', '$5', 'Example Solution', '$10', '$8', '$7', '$10', '$15', '16.', '$8', '$12', '$10', '$20', '$12', '$10', '$10', '$10', '$10', '$10', '$8', '$20', '$6', '$10', '$8', '$10', 'I would', '$10', '$10', '$10', '$8', '$7', '$15', '$11', '$5']",93,3
TU2_2_1_3,0.01,gpt-4-1106-preview,hotel,$70k,"['$6', '$6', '$6', '$6', '$6', '$6', '$6', '$6', '$6', '$6', '$6', '$6', '$6', '$6', '$6', '$6', '$6', '$6', '$6', '$6', '$6', '$6', '$6', '$6', '$6', '$6', '$6', '$6', '$6', '$6', '$6', '$6', '$6', '$6', '$6', '$6', '$6', '$6', '$6', '$6', '$6', '$6', '$6', '$6', '$6', '$6', '$6', '$6', '$6', '$6']",50,3
TU2_2_1_3,0.5,gpt-4-1106-preview,hotel,$70k,"['$6', '$6', '$6', '$6', '$6', '$6', '$6', '$6', '$6', '$6', '$6', '$6', '$6', '$6', '$6', '$6', '$6', '$7', '$6', '$6', '$6', '$6', '$6', '$6', '$6', '$6', '$6', '$6', '$6', '$6', '$6', '$6', '$6', '$6', '$6', '$6', '$6', '$6', '$6', '$6', '$6', '$6', '$6', '$6', '$6', '$6', '$6', '$6', '$6', '$6']",50,3
TU2_2_1_3,1.0,gpt-4-1106-preview,hotel,$70k,"['$6', '$6', '$6', '$6', '$6', '$6', '$6', '$6', '$6', '$6', '$6', '$6', '$6', '$6', '$6', '$6', '$6', '$6', '$6', '$6', '$6', '$6', '$6', '$6', '$6', '$6', '$6', '$7', '$6', '$6', '$6', '$6', '$6', '$6', '$6', '$6', '$6', '$6', '$6', '$6', '$6', '$6', '$6', '$6', '$6', '$6', '$6', '$6', '$6', '$6']",50,3
TU2_2_1_3,1.5,gpt-4-1106-preview,hotel,$70k,"['$6', '$6', '$6', '$6', '$6', '$6', '$7', '$6', '$6', '$6', '$6', '$6', '$6', '$6', '$6', '$6', '$6', '$6', '$6', '$6', '$6', '$6', '$6', '$6', '$6', '$6', '$6', '$6', '$6', '$6', '$6', '$6', '$6', '$6', '$6', '$6', '$6', '$6', '$6', '$6', '$6', '$6', '$6', '$6', '$7', '$6', '$6', '$6', '$6', '$6']",50,3
TU2_2_1_3,2.0,gpt-4-1106-preview,hotel,$70k,"['$6', '$6', '$6', '$6', '$7', '$6', '$6', '$7', '$7', '$7', '$7', '$7', '$6', '$6', '$6', '$6', '$6', '$6', '$12', '$6', '$6', '$6', '$6', '$6', '$6', '$6', '$6', '$6', '$6', '$6', '$6', '$6', '$6', '$6', '$15', '$6', '$6', '$7', '$6', '$6', '$6', '$6', '$6', '$7', '$6', '$6', '$6', '$6', '$6', '$7']",50,3
TU2_3_1_3,0.01,llama-2-70b,hotel,$70k,"['$5.50', '$5.50', '$5.50', '$5.50', '$5.50', '$5.50', '$5.50', '$5.50', '$5.50', '$5.50', '$5.50', '$5.50', '$5.50', '$5.50', '$5.50', '$5.50', '$5.50', '$5.50', '$5.50', '$5.50', '$5.50', '$5.50', '$5.50', '$5.50', '$5.50', '$5.50', '$5.50', '$5.50', '$5.50', '$5.50', '$5.50', '$5.50', '$5.50', '$5.50', '$5.50', '$5.50', '$5.50', '$5.50', '$5.50', '$5.50', '$5.50', '$5.50', '$5.50', '$5.50', '$5.50', '$5.50', '$5.50', '$5.50', '$5.50', '$5.50']",50,3
TU2_3_1_3,0.5,llama-2-70b,hotel,$70k,"['$5.50', '$5.50', '$5.50', '$5.50', '$5.50', '$5.50', '$5.50', '$5.50', '$5.50', '$5.50', '$5.50', '$5.50', '$5.50', '$5.50', '$5.50', '$5.50', '$5.50', '$5.50', '$5.50', '$5.50', '$5.50', '$5.50', '$5.50', '$5.50', '$5.50', '$5.50', '$5.50', '$5.50', '$5.50', '$5.50', '$5.50', '$5.50', '$5.50', '$5.50', '$5.50', '$5.50', '$5.50', '$5.50', '$5.50', '$5.50', '$5.50', '$5.50', '$5.50', '$5.50', '$5.50', '$5.50', '$5.50', '$5.50', '$5.50', '$5.50']",50,3
TU2_3_1_3,1.0,llama-2-70b,hotel,$70k,"['$5.50', '$5.50', '$5.50', '$5.50', '$4.50', '$5.50', '$5.50', '$5.50', '$5.50', '$5.50', '$5.50', '$5.50', '$5.50', '$5.50', '$5.50', '$5.50', '$5.50', '$5.50', '$4.50', '$5.50', '$5.50', '$5.50', '$5.50', '$5.50', '$5.50', '$5.50', '$5.50', '$5.50', '$5.50', '$5.50', '$5.50', '$5.50', '$5.50', '$5.50', '$5.50', '$5.50', '$5.50', '$5.50', '$5.50', '$5.50', '$5.50', '$5.50', '$5.50', '$5.50', '$5.50', '$5.50', '$5.50', '$5.50', '$5.50', '$5.50']",50,3
TU2_3_1_3,1.5,llama-2-70b,hotel,$70k,"['$5.50', '$4.50', '$4.50', '$8.50', '$5.00', '$5.50', '$4.50', '$5.50', '$5.50', '$5.50', '$4.50', '$8.50', '$4.50', '$5.50', '$5.00', '$4.50', '$4.50', '$4.50', '$5.50', '$5.00', '$4.50', '$5.50', '$4.50', '$5.50', '$5.50', '$5.00', '$5.50', '$4.50', '$5.50', '$5.50', '$4.50', '$5.50', '$5.00', '$5.50', '$4.50', '$8.50', '$5.50', '$8.50', '$4.50', '$4.50', '$4.50', '$5.50', '$5.50', '$5.50', '$4.50', '$5.50', '$5.50', '$4.50', '$5.00', '$5.00']",50,3
TU2_3_1_3,2.0,llama-2-70b,hotel,$70k,"[""Sure! Here's my answer:"", 'I would say $5.00.', ""Sure! Here's my answer:"", '$5.75', '$4.50', '$5.50', '$4.50', 'Sure! The answer is $5.2', '$5.50', '$5.50', '$5.50', '$8.50', '$5.00', '$4.50', 'Sure! The answer to this problem would come', '$5.50', '$4.50', '$4.50', 'I would say $5.50.', '$5.50', 'I would say $5.00.', '$5.50', '$5.50', '$5.50', ""Sure! here's my answer:"", ""Sure!Here's my answer:"", '$5.00', 'I would suggest telling your companion to try his', '$8.50', '$5.50', '$5.50', '$4.50', '$4.50', ""Sure! Here's my answer:"", '$5.50', '$5.50', '$5.00', 'I would say ""$5.50""', '$5.50', '$5.50', '$8.50', '$4.50', '$4.50', '$5.50', 'I would tell my companion to fetch me a', '$5.75', ""Sure! Here's my answer:"", '$5.50', '$5.50', '$5.50']",36,3
TU2_1_1_4,0.01,gpt-3.5-turbo,hotel,$120k,"['$10', '$10', '$10', '$10', '$10', '$10', '$10', '$10', '$10', '$10', '$10', '$10', '$10', '$10', '$10', '$10', '$10', '$10', '$10', '$10', '$10', '$10', '$10', '$10', '$10', '$10', '$10', '$10', '$10', '$10', '$10', '$10', '$10', '$10', '$10', '$10', '$10', '$10', '$10', '$10', '$10', '$10', '$10', '$10', '$10', '$10', '$10', '$10', '$10', '$10', '$10', '$10', '$10', '$10', '$10', '$10', '$10', '$10', '$10', '$10', '$10', '$10', '$10', '$10', '$10', '$10', '$10', '$10', '$10', '$10', '$10', '$10', '$10', '$10', '$10', '$10', '$10', '$10', '$10', '$10', '$10', '$10', '$10', '$10', '$10', '$10', '$10', '$10', '$10', '$10', '$10', '$10', '$10', '$10', '$10', '$10', '$10', '$10', '$10', '$10']",100,4
TU2_1_1_4,0.5,gpt-3.5-turbo,hotel,$120k,"['$10', '$10', '$10', '$10', '$10', '$10', '$10', '$10', '$10', '$10', '$10', '$10', '$10', '$10', '$10', '$10', '$10', '$10', '$10', '$10', '$10', '$10', '$10', '$10', '$10', '$10', '$10', '$10', '$10', '$10', '$10', '$10', '$10', '$10', '$10', '$10', '$10', '$10', '$10', '$10', '$10', '$10', '$10', '$10', '$10', '$10', '$10', '$10', '$10', '$10', '$10', '$10', '$10', '$10', '$10', '$10', '$10', '$10', '$10', '$10', '$10', '$10', '$10', '$10', '$10', '$10', '$10', '$10', '$10', '$10', '$10', '$10', '$10', '$10', '$10', '$10', '$10', '$10', '$10', '$10', '$10', '$10', '$10', '$10', '$10', '$10', '$10', '$10', '$10', '$10', '$10', '$10', '$10', '$10', '$10', '$10', '$10', '$10', '$10', '$10']",100,4
TU2_1_1_4,1.0,gpt-3.5-turbo,hotel,$120k,"['$10', '$10', '$10', '$10', '$10', '$10', '$10', '$10', '$10', '$10', '$10', '$8', '$10', '$10', '$10', '$10', '$15', '$10', '$10', '$15', '$15', '$10', '$10', '$10', '$10', '$10', '$10', '$10', '$10', '$10', '$10', '$10', '$15', '$10', '$15', '$10', '$10', '$15', '$10', '$10', '$10', '$15', '$10', '$10', '$10', '$10', '$10', '$15', '$15', '$10', '$10', '$10', '$10', '$10', '$10', '$10', '$10', '$10', '$12', '$10', '$7', '$10', '$10', '$10', '$10', '$8', '$10', '$10', '$10', '$10', '$10', '$10', '$10', '$10', '$10', '$10', '$20', '$10', '$10', '$10', '$10', '$10', '$10', '$10', '$10', '$10', '$10', '$10', '$8', '$10', '$10', '$10', '$10', '$10', '$10', '$8', '$10', '$10', '$10', '$10']",100,4
TU2_1_1_4,1.5,gpt-3.5-turbo,hotel,$120k,"['$8', '$10', '$10', '$15', '$10', '$10', '$7', '$10', '$15', '$5', '$10', '$10', '$5', '$15', '$8', '$10', '$8', '$10', '$10', '$15', '$10', '$8', '$10', '$10', '$8', '$10', '$10', '$10', '$10', '$15', '$10', '$10', '$10', '$15', '$10', '$10', '$8', '$15', '$10', '$10', '$10', '$10', '$6', '$10', '$10', '$10', '$10', '$10', '$10', '$12', '$9', '$20', '$10', '$10', '$10', '$8', '$10', '$10', '$10', '$20', '$10', '$10', '$10', '$10', '$8', '$10', '$15', '$12', '$10', '$12', '$10', '$10', '$10', '$10', '$10', '$15', '$10', '$10', '$10', '$10', '$10', '$15', '$15', '$10', '$7', '$10', '$15', '$10', '$10', '$5', '$10', '$5', '$10', '$12', '$10', '$10', '$10', '$10', '$12', '$10']",100,4
TU2_1_1_4,2.0,gpt-3.5-turbo,hotel,$120k,"['$15', '$753', '$15', 'Looking for', '$20', '$10', '$5', '$15', '$10', '$7', '$7', '$7', '$10', '$10', '$7', '$12', '$10', 'I would', '$_B', '$14', '335442', '$249', '$15', '$10', '$10', '$14', '$20', '$10', '$10', 'Alterfer', '$8', '$10', '$10', '$8', '14.', '$10', '$19', '$7', '$20', '$12', '$5', '$8', '$15', '$10', '$10', '$10', '$5', '$10', '$5', '$8', '10.', '$10', '\u200b\u200b$', 'I have', '$10', '$10', '$10', '$10', '$15', '$10', '$5', '$15', '60.', '$10', '$8', '$10', '45.', '$5', 'I bid', '$6', '$10', '$10', 'costÃ¼m', '$11', '14.', '$8', '6.', '$4', '$8', '$10', '$10', '457662', '$10', '$10', '31.', '$12', '$12', '$8', '$11', '$10', '$8', '$10', '$8', '$16', 'I>', '$10', 'USD', '$8', '$12', '$9']",82,4
TU2_2_1_4,0.01,gpt-4-1106-preview,hotel,$120k,"['$6', '$6', '$6', '$6', '$6', '$6', '$6', '$6', '$6', '$6', '$6', '$6', '$6', '$6', '$6', '$6', '$6', '$6', '$6', '$6', '$6', '$6', '$6', '$6', '$6', '$6', '$6', '$6', '$6', '$6', '$6', '$6', '$6', '$6', '$6', '$6', '$6', '$6', '$6', '$6', '$6', '$6', '$6', '$6', '$6', '$6', '$6', '$6', '$6', '$6']",50,4
TU2_2_1_4,0.5,gpt-4-1106-preview,hotel,$120k,"['$6', '$6', '$6', '$6', '$6', '$6', '$6', '$6', '$6', '$6', '$6', '$6', '$6', '$6', '$6', '$6', '$6', '$6', '$6', '$6', '$6', '$6', '$6', '$6', '$6', '$6', '$6', '$6', '$6', '$6', '$6', '$6', '$6', '$6', '$6', '$6', '$6', '$6', '$6', '$6', '$6', '$6', '$6', '$6', '$6', '$6', '$6', '$6', '$6', '$6']",50,4
TU2_2_1_4,1.0,gpt-4-1106-preview,hotel,$120k,"['$6', '$7', '$6', '$6', '$6', '$6', '$6', '$6', '$6', '$6', '$6', '$6', '$6', '$6', '$6', '$6', '$6', '$6', '$6', '$6', '$6', '$7', '$6', '$6', '$6', '$6', '$6', '$6', '$6', '$6', '$6', '$6', '$6', '$6', '$6', '$6', '$6', '$6', '$6', '$6', '$6', '$6', '$6', '$6', '$6', '$6', '$6', '$6', '$6', '$6']",50,4
TU2_2_1_4,1.5,gpt-4-1106-preview,hotel,$120k,"['$6', '$6', '$6', '$6', '$6', '$6', '$6', '$6', '$6', '$6', '$15', '$6', '$12', '$6', '$6', '$6', '$6', '$6', '$6', '$12', '$7', '$7', '$6', '$7', '$7', '$15', '$6', '$6', '$6', '$6', '$6', '$6', '$6', '$7', '$15', '$6', '$7', '$6', '$6', '$12', '$6', '$6', '$6', '$15', '$6', '$6', '$6', '$6', '$6', '$6']",50,4
TU2_2_1_4,2.0,gpt-4-1106-preview,hotel,$120k,"['$6', '$6', '$6', '$6', '$6', '$6', '$6', '$7', '$6', '$6', '$6', '$6', '$6', '$6', '$6', '$6', '$6', '$7', '$6', '$6', '$7', '$6', '$6', '$6', '$6', '$12', '$6', '$7', '$6', '$15', '$6', '$10', '$6', '$7', '$6', '$6', '$6', '$6', '$6', '$6', '$7', '$6', '$6', '$7', '$6', '$7', '$6', '$6', '12.', '$6']",49,4
TU2_3_1_4,0.01,llama-2-70b,hotel,$120k,"['$8.50', '$8.50', '$8.50', '$8.50', '$8.50', '$8.50', '$8.50', '$8.50', '$8.50', '$8.50', '$8.50', '$8.50', '$8.50', '$8.50', '$8.50', '$8.50', '$8.50', '$8.50', '$8.50', '$8.50', '$8.50', '$8.50', '$8.50', '$8.50', '$8.50', '$8.50', '$8.50', '$8.50', '$8.50', '$8.50', '$8.50', '$8.50', '$8.50', '$8.50', '$8.50', '$8.50', '$8.50', '$8.50', '$8.50', '$8.50', '$8.50', '$8.50', '$8.50', '$8.50', '$8.50', '$8.50', '$8.50', '$8.50', '$8.50', '$8.50']",50,4
TU2_3_1_4,0.5,llama-2-70b,hotel,$120k,"['$8.50', '$8.50', '$8.50', '$8.50', '$8.50', '$8.50', '$8.50', '$8.50', '$8.50', '$8.50', '$8.50', '$8.50', '$8.50', '$8.50', '$8.50', '$8.50', '$8.50', '$8.50', '$8.50', '$8.50', '$8.50', '$8.50', '$8.50', '$8.50', '$8.50', '$8.50', '$8.50', '$8.50', '$8.50', '$8.50', '$8.50', '$8.50', '$8.50', '$8.50', '$8.50', '$8.50', '$8.50', '$8.50', '$8.50', '$8.50', '$8.50', '$8.50', '$8.50', '$8.50', '$8.50', '$8.50', '$8.50', '$8.50', '$8.50', '$8.50']",50,4
TU2_3_1_4,1.0,llama-2-70b,hotel,$120k,"['$8.50', '$8.50', '$8.50', '$8.50', '$8.50', '$8.50', '$8.50', '$8.50', '$8.50', '$8.50', '$8.50', '$8.50', '$8.50', '$8.50', '$8.50', '$8.50', '$8.50', '$8.50', '$8.50', '$8.50', '$8.50', '$8.50', '$8.50', '$8.50', '$8.50', '$8.50', '$8.50', '$8.50', '$8.50', '$8.50', '$8.50', '$8.50', '$8.50', '$8.50', '$8.50', '$8.50', '$8.50', '$8.50', '$8.50', '$8.50', '$8.50', '$8.50', '$8.50', '$8.50', '$8.50', '$8.50', '$8.50', '$8.50', '$8.50', '$8.50']",50,4
TU2_3_1_4,1.5,llama-2-70b,hotel,$120k,"['$8.50', '$8.50', '$8.50', '$8.50', '$8.50', '$8.50', '$8.50', '$8.50', '$8.50', '$8.50', '$8.50', '$8.50', '$8.50', '$8.50', '$8.50', '$8.50', '$8.50', '$8.50', '$8.50', '$8.50', '$8.50', '$8.50', '$8.50', '$8.50', '$8.50', '$8.50', '$8.50', '$8.50', '$8.50', '$8.50', '$8.50', '$8.50', '$8.50', '$8.50', '$8.50', '$8.50', '$8.50', '$8.50', '$8.50', '$8.50', '$8.50', '$8.50', '$8.50', '$8.50', '$8.50', '$8.50', '$8.50', '$8.50', '$8.50', '$8.50']",50,4
TU2_3_1_4,2.0,llama-2-70b,hotel,$120k,"['$7.50', 'I would suggest $6.50.', '$7.50', '$8.50', ""Sure! Here's my answer:"", '$8.50', '$8.50', '$8.50', '$8.50', 'Sure! The price I would give my companion', '$8.50', '$7.50', '$8.50', ""Sure! Here's my answer:"", '$8.50', ""Sure! Here's my answer:"", '$8.50', 'I would suggest a price of $7.', '$8.50', '$8.50', ""Sure! Here's my answer:"", '$7.50', '$7.50', 'I would suggest saying $8.50', '$8.50', '$8.50', '$7.50', '$7.50', '$7.50', '$8.50', '$8.50', '$7.50', '$7.50', '$7.50', '$8.50', '$8.50', '$7.50', 'Sure! The answer to this question could vary', '$7.50', '$8.50', ""Sure! Here's my answer:"", '$7.50', '$8.50', '$7.50', '$7.50', ""Sure! Here's my answer:"", '$8.50', '$8.50', '$7.50', '$7.50']",39,4
TU2_1_2_1,0.01,gpt-3.5-turbo,grocery,0,"['$5', '$5', '$5', '$5', '$5', '$5', '$5', '$5', '$5', '$5', '$5', '$5', '$5', '$5', '$5', '$5', '$5', '$5', '$5', '$5', '$5', '$5', '$5', '$5', '$5', '$5', '$5', '$5', '$5', '$5', '$5', '$5', '$5', '$5', '$5', '$5', '$5', '$5', '$5', '$5', '$5', '$5', '$5', '$5', '$5', '$5', '$5', '$5', '$5', '$5', '$5', '$5', '$5', '$5', '$5', '$5', '$5', '$5', '$5', '$5', '$5', '$5', '$5', '$5', '$5', '$5', '$5', '$5', '$5', '$5', '$5', '$5', '$5', '$5', '$5', '$5', '$5', '$5', '$5', '$5', '$5', '$5', '$5', '$5', '$5', '$5', '$5', '$5', '$5', '$5', '$5', '$5', '$5', '$5', '$5', '$5', '$5', '$5', '$5', '$5']",100,5
TU2_1_2_1,0.5,gpt-3.5-turbo,grocery,0,"['$5', '$5', '$5', '$5', '$3', '$5', '$5', '$5', '$5', '$5', '$5', '$10', '$5', '$10', '$5', '$5', '$5', '$5', '$5', '$5', '$5', '$5', '$5', '$5', '$5', '$5', '$5', '$5', '$5', '$5', '$5', '$5', '$5', '$5', '$5', '$5', '$5', '$5', '$5', '$5', '$5', '$5', '$5', '$5', '$5', '$5', '$5', '$5', '$5', '$5', '$5', '$5', '$5', '$5', '$5', '$5', '$5', '$5', '$5', '$5', '$5', '$5', '$5', '$5', '$5', '$5', '$5', '$5', '$5', '$5', '$5', '$5', '$5', '$5', '$5', '$5', '$5', '$5', '$5', '$5', '$5', '$5', '$5', '$5', '$5', '$5', '$5', '$5', '$5', '$5', '$5', '$5', '$5', '$5', '$5', '$5', '$5', '$5', '$5', '$5']",100,5
TU2_1_2_1,1.0,gpt-3.5-turbo,grocery,0,"['$5', '$10', '$7', '$5', '$5', '$5', '$5', '$5', '$5', '$5', '$5', '$5', '$5', '$5', '$5', '$5', '$5', '$5', '$5', '$5', '$5', '$10', '$5', '$5', '$5', '$5', '$5', '$5', '$5', '$5', '$3', '$5', '$5', '$5', '$5', '$5', '$5', '$5', '$5', '$5', '$5', '$5', '$5', '$10', '$5', '$5', '$5', '$10', '$3', '$5', '$5', '$5', '$5', '$3', '$5', '$5', '$5', '$10', '$5', '$5', '$5', '$5', '$5', '$5', '$5', '$3', '$5', '$5', '$4', '$10', '$5', '$5', '$4', '$5', '$5', '$5', '$5', '$5', '$5', '$5', '$5', '$5', '$10', '$5', '$5', '$5', '$5', '$5', '$5', '$5', '$5', '$3', '$5', '$5', '$5', '$5', '$5', '$5', '$10', '$5']",100,5
TU2_1_2_1,1.5,gpt-3.5-turbo,grocery,0,"['$5', '$5', '$5', '$3', '$4', '$5', '$5', '$10', '$5', '$5', '$3', '$3', '$5', '$4', '$3', '$5', '$10', '$5', '$5', '$5', '$5', '$5', '$4', '$2', '$2', '$3', '$3', '$10', '$5', '$10', '$5', '$10', '$4', '$10', '$4', '$5', '$5', '$3', '$9', '$5', '$5', '$4', '$5', '$5', '$5', '1.', '$5', '$10', '$5', '$10', '$4', '$5', '$5', '$5', '$10', '$10', '$5', '$3', '$5', '$5', '3.', '$5', '$5', '$5', '$5', '$10', '12.', '$5', '$6', '$10', '7.', '$5', '$8', '""$5', '1.', '$5', '$5', '$4', '$3', '$3', '$5', '$5', '$5', '$5', '$5', '$5', 'To buy', '$10', '$5', '$6', '$5', '$3', '$5', '$5', '$5', '$5', '$5', '$5', '$3', '3.']",92,5
TU2_1_2_1,2.0,gpt-3.5-turbo,grocery,0,"['$2', '$2', '$5', '$3', '$5', '$3', '$0', '$4', '12.', 'Up to', 'Since AI', '$5', '$20', '$3', '$3', '10.', '$3', '$7', '$4', ""'$5"", '$x.', '3.', '$9', '$3', '$5', '$3', '$5', '$6', '5.', '$5', '$10', '$2', '1050', '$10', '$5', '$5', 'Iches', '$7', '$10', 'N/A', '$15', '$5', '$10', '$10', '5.', '$10', '$5', '$5', '5.', '7.', '$5', '$9', 'The upgraded', 'Higher than', '$5', '$10', '$5', '$5', '8.', '$10', '$3', '12.', '$7', '$5', '$9', '$10', '$4', '$5', '$3', '$10', '5.', '$7', '$5', '$10', '$3', '5.', '$6', '\\$18', '$4', '$4', '$3', '$0', '$4', '$6', '$5', 'That price', '$5', '$5', '$5', '$5', '$4', '$10', '$4', '$10', '$3', '$5', 'As this', '$8', 'instead_trans', '12.']",76,5
TU2_2_2_1,0.01,gpt-4-1106-preview,grocery,0,"['$6', '$6', '$6', '$6', '$6', '$6', '$6', '$6', '$6', '$6', '$6', '$6', '$6', '$6', '$6', '$6', '$6', '$6', '$6', '$6', '$6', '$6', '$6', '$6', '$6', '$6', '$6', '$6', '$6', '$6', '$6', '$6', '$6', '$6', '$6', '$6', '$6', '$6', '$6', '$6', '$6', '$6', '$6', '$6', '$6', '$6', '$6', '$6', '$6', '$6']",50,5
TU2_2_2_1,0.5,gpt-4-1106-preview,grocery,0,"['$6', '$6', '$6', '$6', '$6', '$6', '$6', '$6', '$6', '$6', '$6', '$6', '$6', '$6', '$6', '$6', '$6', '$6', '$6', '$6', '$6', '$6', '$6', '$6', '$6', '$6', '$6', '$6', '$6', '$6', '$6', '$6', '$6', '$6', '$6', '$6', '$6', '$6', '$6', '$6', '$6', '$6', '$6', '$6', '$6', '$6', '$6', '$6', '$6', '$6']",50,5
TU2_2_2_1,1.0,gpt-4-1106-preview,grocery,0,"['$6', '$6', '$6', '$6', '$6', '$6', '$6', '$4', '$6', '$6', '$6', '$6', '$6', '$6', '$6', '$6', '$6', '$6', '$6', '$6', '$6', '$6', '$6', '$6', '$6', '$6', '$6', '$6', '$6', '$6', '$6', '$6', '$6', '$6', '$6', '$6', '$6', '$6', '$7', '$6', '$6', '$6', '$6', '$6', '$6', '$6', '$6', '$6', '$6', '$6']",50,5
TU2_2_2_1,1.5,gpt-4-1106-preview,grocery,0,"['$6', '$6', '$6', '$6', '$6', '$6', '$6', '$6', '$6', '$4', '$6', '$6', '$7', '$6', '$6', '$6', '$6', '$6', '$6', '$6', '$6', '$6', '$6', '$6', '$6', '$6', '$6', '$6', '$6', '$6', '$6', '$6', '$6', '$6', '$6', '$6', '$6', '$6', '$6', '$6', '$6', '$6', '$6', '$6', '$6', '$6', '$6', '$6', '$6', '$6']",50,5
TU2_2_2_1,2.0,gpt-4-1106-preview,grocery,0,"['$6', '$6', '$6', '$6', '$6', '$6', '$4', '$6', '$10', '$6', '$6', '$7', '$5', '$6', '$6', '$6', '$5', '$8', '$6', '$6', '\\$10', '$5', '$6', '$6', '$4', '$6', '$6', '$6', '$7', '$5', '$6', '$6', '$6', '$6', '$6', '$6', '$6', '$6', '$4', '$6', '$5', '$6', '$6', '$6', '$5', '$7', '$6', '$6', '$6', '$7']",49,5
TU2_3_2_1,0.01,llama-2-70b,grocery,0,"['$4.50', '$4.50', '$4.50', '$4.50', '$4.50', '$4.50', '$4.50', '$4.50', '$4.50', '$4.50', '$4.50', '$4.50', '$4.50', '$4.50', '$4.50', '$4.50', '$4.50', '$4.50', '$4.50', '$4.50', '$4.50', '$4.50', '$4.50', '$4.50', '$4.50', '$4.50', '$4.50', '$4.50', '$4.50', '$4.50', '$4.50', '$4.50', '$4.50', '$4.50', '$4.50', '$4.50', '$4.50', '$4.50', '$4.50', '$4.50', '$4.50', '$4.50', '$4.50', '$4.50', '$4.50', '$4.50', '$4.50', '$4.50', '$4.50', '$4.50']",50,5
TU2_3_2_1,0.5,llama-2-70b,grocery,0,"['$4.50', '$4.50', '$4.50', '$4.50', '$4.50', '$4.50', '$4.50', '$4.50', '$4.50', '$4.50', '$4.50', '$4.50', '$4.50', '$4.50', '$4.50', '$4.50', '$4.50', '$4.50', '$4.50', '$4.50', '$4.50', '$4.50', '$4.50', '$4.50', '$4.50', '$4.50', '$4.50', '$4.50', '$4.50', '$4.50', '$4.50', '$4.50', '$4.50', '$4.50', '$4.50', '$4.50', '$4.50', '$4.50', '$4.50', '$4.50', '$4.50', '$4.50', '$4.50', '$4.50', '$4.50', '$4.50', '$4.50', '$4.50', '$4.50', '$4.50']",50,5
TU2_3_2_1,1.0,llama-2-70b,grocery,0,"['$4.50', '$4.50', '$4.50', '$4.50', '$4.50', '$4.50', '$4.50', '$4.50', '$4.50', '$4.50', '$4.50', '$4.50', '$4.50', '$4.50', '$4.50', '$4.50', '$4.50', '$4.50', '$4.50', '$4.50', '$4.50', '$4.50', '$4.50', '$4.50', '$4.50', '$4.50', '$4.50', '$4.50', '$4.50', '$4.50', '$4.50', '$4.50', '$4.50', '$4.50', '$4.50', '$4.50', '$4.50', '$4.50', '$4.50', '$4.50', '$4.50', '$4.50', '$4.50', '$4.50', '$4.50', '$4.50', '$4.50', '$4.50', '$4.50', '$4.50']",50,5
TU2_3_2_1,1.5,llama-2-70b,grocery,0,"['$4.50', '$4.50', '$4.50', '$4.50', '$4.50', '$4.50', '$4.50', '$4.50', '$4.50', '$4.50', '$4.50', '$4.50', '$4.50', '$4.50', '$4.50', '$4.50', '$4.50', '$4.50', '$4.50', '$4.50', '$4.50', '$4.50', '$4.50', '$4.50', '$4.50', '$4.50', '$4.50', '$4.50', '$4.50', '$4.50', '$4.50', '$4.50', '$4.50', '$4.50', '$4.50', '$4.50', '$4.50', '$4.50', '$4.50', '$4.50', '$4.50', '$4.50', '$4.50', '$4.50', '$4.50', '$4.50', '$4.50', '$4.50', '$4.50', '$4.50']",50,5
TU2_3_2_1,2.0,llama-2-70b,grocery,0,"['$4.50', '$4.50', '$4.50', '$4.50', '$4.50', '$4.50', '$4.50', '$4.50', '$4.50', '$4.50', '$4.50', '$4.50', '$4.50', '$4.50', '$4.50', '$4.50', '$4.50', '$4.50', '$4.50', '$4.50', '$4.50', '$4.50', '$4.50', '$4.50', '$4.50', '$4.50', '$4.50', '$4.50', '$4.50', '$4.50', '$4.50', '$4.50', '$4.50', '$4.50', '$4.50', '$4.50', '$4.50', '$4.50', '$4.50', '$4.50', '$4.50', '$4.50', '$4.50', '$4.50', '$4.50', '$4.50', '$4.50', '$4.50', '$4.50', '$4.50']",50,5
TU2_1_2_2,0.01,gpt-3.5-turbo,grocery,$50k,"['$5', '$5', '$5', '$5', '$5', '$5', '$5', '$5', '$5', '$5', '$5', '$5', '$5', '$5', '$5', '$5', '$5', '$5', '$5', '$5', '$5', '$5', '$5', '$5', '$5', '$5', '$5', '$5', '$5', '$5', '$5', '$5', '$5', '$5', '$5', '$5', '$5', '$5', '$5', '$5', '$5', '$5', '$5', '$5', '$5', '$5', '$5', '$5', '$5', '$5', '$5', '$5', '$5', '$5', '$5', '$5', '$5', '$5', '$5', '$5', '$5', '$5', '$5', '$5', '$5', '$5', '$5', '$5', '$5', '$5', '$5', '$5', '$5', '$5', '$5', '$5', '$5', '$5', '$5', '$5', '$5', '$5', '$5', '$5', '$5', '$5', '$5', '$5', '$5', '$5', '$5', '$5', '$5', '$5', '$5', '$5', '$5', '$5', '$5', '$5']",100,6
TU2_1_2_2,0.5,gpt-3.5-turbo,grocery,$50k,"['$5', '$5', '$5', '$5', '$5', '$5', '$5', '$5', '$5', '$5', '$5', '$5', '$5', '$5', '$5', '$5', '$5', '$5', '$5', '$5', '$5', '$4', '$5', '$5', '$5', '$5', '$5', '$5', '$5', '$5', '$5', '$5', '$5', '$5', '$5', '$5', '$5', '$5', '$5', '$5', '$5', '$5', '$5', '$5', '$5', '$5', '$5', '$5', '$6', '$5', '$5', '$5', '$5', '$5', '$5', '$5', '$5', '$5', '$5', '$5', '$5', '$5', '$5', '$5', '$4', '$5', '$5', '$5', '$5', '$4', '$5', '$5', '$5', '$5', '$5', '$5', '$5', '$5', '$5', '$5', '$5', '$5', '$5', '$5', '$5', '$5', '$5', '$5', '$5', '$5', '$4', '$5', '$5', '$5', '$5', '$5', '$5', '$5', '$5', '$5']",100,6
TU2_1_2_2,1.0,gpt-3.5-turbo,grocery,$50k,"['$4', '$5', '$3', '$5', '$8', '$5', '$5', '$5', '$10', '$7', '$5', '$4', '$5', '$5', '$10', '$5', '$2', '$9', '$7', '$5', '$5', '$5', '$7', '$5', '$5', '$5', '$5', '$10', '$5', '$5', '$5', '$7', '$5', '$5', '$5', '$5', '$5', '$5', '$5', '$10', '$5', '$6', '$8', '$5', '$5', '$4', '$5', '$3', '$5', '$5', '$5', '$4', '$5', '$10', '$5', '$5', '$5', '$2', '$5', '$5', '$5', '$5', '$8', '$5', '$5', '$5', '$5', '$5', '$5', '$10', '$5', '$5', '$3', '$4', '$5', '$4', '$5', '$5', '$5', '$10', '$5', '$5', '$5', '$5', '$5', '$5', '$5', '$5', '$5', '$5', '$6', '$5', '$5', '$8', '$4', '$4', '$7', '$5', '$5', '$5']",100,6
TU2_1_2_2,1.5,gpt-3.5-turbo,grocery,$50k,"['$5', '$2', '$5', '$5', '$4', '$5', '$5', '$10', '$10', '$6', '5.', '$7', '$12', '$2', '$4', '$3', '$5', '$5', '$3', '$3', '$5', '$5', '$5', '$5', '$5', '$5', '$5', '$8', '$4', '$5', '$3', '$5', '$2', '$4', '$10', '$5', '$5', '$5', '$4', '$5', '$10', '$7', '$5', '$5', '$4', '$5', '$10', '$5', '$5', '$5', '$4', '$6', '$6', '$5', '$3', '$5', '$5', '$5', '$5', '$5', '$5', '$5', '$6', '$4', '$8', '$5', '$4', '$2', '$8', '$4', '$5', '$6', '$10', '$3', '$5', '$5', '$3', '$5', '$4', '$4', '$5', '$9', '$7', '$10', '$5', '$4', '$4', '$6', '$3', '$5', '$2', '$3', '$5', '$5', '$5', '$8', '$5', '$5', '$5', '$4']",99,6
TU2_1_2_2,2.0,gpt-3.5-turbo,grocery,$50k,"['14.', '$5', '$8', '$9', '$10', '7.', '$187', '$2', '$5', '$4', 'ualehd', '$3', '$4', '$6', '$5', '$5', '$Tree', '$10', '$7', '$5', '$4', '$5', '10.', '?$7', 'We hesitate', '$4', '$4', '$8', '$5', '$10', '$10', '$5', '$7', '$5', '12.', '$5', '$5', '$10', '$2', '$5', '$7', '$8', '$5', '$5', '$4', '$5', '$4', '\\$6', '$7', '$5', 'Depends', '10.', '$4', '$7', '$5', '2.', '$15', '$5', '$10', '$7', '$4', '$9', '(select((', '$3', 'Anynon', '3.', '$5', '$3', '$5', '$3', '$5', '$6', '$5', '$5', '$5', '113.', '$5', '$7', '""${{', '$3', '$10', '$8', '$5', '$5', '$5', '$6', '$5', '$5', '$4', '$5', '25.', '$4', '$5', '$5', '$5', '$4', '$4', '$8', '$5', '$5']",83,6
TU2_2_2_2,0.01,gpt-4-1106-preview,grocery,$50k,"['$6', '$6', '$6', '$6', '$6', '$6', '$6', '$6', '$6', '$6', '$6', '$6', '$6', '$6', '$6', '$6', '$6', '$6', '$6', '$6', '$6', '$6', '$6', '$6', '$6', '$6', '$6', '$6', '$6', '$6', '$6', '$6', '$6', '$6', '$6', '$6', '$6', '$6', '$6', '$6', '$6', '$6', '$6', '$6', '$6', '$6', '$6', '$6', '$6', '$6']",50,6
TU2_2_2_2,0.5,gpt-4-1106-preview,grocery,$50k,"['$6', '$6', '$6', '$6', '$6', '$6', '$6', '$6', '$6', '$6', '$6', '$6', '$6', '$6', '$6', '$6', '$6', '$6', '$6', '$6', '$6', '$6', '$6', '$6', '$6', '$6', '$6', '$6', '$6', '$6', '$6', '$6', '$6', '$6', '$6', '$6', '$6', '$6', '$6', '$6', '$6', '$6', '$6', '$6', '$6', '$6', '$6', '$6', '$6', '$6']",50,6
TU2_2_2_2,1.0,gpt-4-1106-preview,grocery,$50k,"['$6', '$6', '$6', '$6', '$6', '$6', '$6', '$6', '$6', '$6', '$6', '$6', '$6', '$7', '$6', '$6', '$6', '$7', '$6', '$6', '$6', '$6', '$6', '$6', '$6', '$6', '$6', '$6', '$6', '$6', '$6', '$6', '$6', '$6', '$6', '$6', '$6', '$6', '$6', '$6', '$6', '$6', '$6', '$6', '$6', '$6', '$6', '$6', '$6', '$6']",50,6
TU2_2_2_2,1.5,gpt-4-1106-preview,grocery,$50k,"['$6', '$6', '$6', '$6', '$6', '$6', '$5', '$6', '$6', '$6', '$6', '$6', '$6', '$6', '$5', '$6', '$6', '$6', '$7', '$6', '$6', '$6', '$6', '$6', '$6', '$6', '$6', '$6', '$5', '$6', '$6', '$6', '$6', '$6', '$6', '$6', '$5', '$6', '$6', '$7', '$6', '$6', '$6', '$6', '$6', '$6', '$6', '$6', '$6', '$6']",50,6
TU2_2_2_2,2.0,gpt-4-1106-preview,grocery,$50k,"['$6', '$6', '$6', '$3', '$6', '$6', '$15', '$5', '$6', '$6', '$10', '$6', '$6', '$6', '$6', '$4', '$4', '$6', '$6', '$6', '$6', '$5', '$7', '$10', '$6', '$6', '$6', '$6', '$6', '$6', '$6', '$7', '$6', '$6', '$6', 'Seven dollars', '$', '$6', '$6', '$6', '$6', '$6', '$6', '$6', '$6', '$6', '$6', '$6', '$6', '$6']",49,6
TU2_3_2_2,0.01,llama-2-70b,grocery,$50k,"['$4.50', '$4.50', '$4.50', '$4.50', '$4.50', '$4.50', '$4.50', '$4.50', '$4.50', '$4.50', '$4.50', '$4.50', '$4.50', '$4.50', '$4.50', '$4.50', '$4.50', '$4.50', '$4.50', '$4.50', '$4.50', '$4.50', '$4.50', '$4.50', '$4.50', '$4.50', '$4.50', '$4.50', '$4.50', '$4.50', '$4.50', '$4.50', '$4.50', '$4.50', '$4.50', '$4.50', '$4.50', '$4.50', '$4.50', '$4.50', '$4.50', '$4.50', '$4.50', '$4.50', '$4.50', '$4.50', '$4.50', '$4.50', '$4.50', '$4.50']",50,6
TU2_3_2_2,0.5,llama-2-70b,grocery,$50k,"['$4.50', '$4.50', '$4.50', '$4.50', '$4.50', '$4.50', '$4.50', '$4.50', '$4.50', '$4.50', '$4.50', '$4.50', '$4.50', '$4.50', '$4.50', '$4.50', '$4.50', '$4.50', '$4.50', '$4.50', '$4.50', '$4.50', '$4.50', '$4.50', '$4.50', '$4.50', '$4.50', '$4.50', '$4.50', '$4.50', '$4.50', '$4.50', '$4.50', '$4.50', '$4.50', '$4.50', '$4.50', '$4.50', '$4.50', '$4.50', '$4.50', '$4.50', '$4.50', '$4.50', '$4.50', '$4.50', '$4.50', '$4.50', '$4.50', '$4.50']",50,6
TU2_3_2_2,1.0,llama-2-70b,grocery,$50k,"['$4.50', '$4.50', '$4.50', '$4.50', '$4.50', '$4.50', '$4.50', '$4.50', '$4.50', '$4.50', '$4.50', '$4.50', '$4.50', '$4.50', '$4.50', '$4.50', '$4.50', '$4.50', '$4.50', '$4.50', '$4.50', '$4.50', '$4.50', '$4.50', '$4.50', '$4.50', '$4.50', '$4.50', '$4.50', '$4.50', '$4.50', '$4.50', '$4.50', '$4.50', '$4.50', '$4.50', '$4.50', '$4.50', '$4.50', '$4.50', '$4.50', '$4.50', '$4.50', '$4.50', '$4.50', '$4.50', '$4.50', '$4.50', '$4.50', '$4.50']",50,6
TU2_3_2_2,1.5,llama-2-70b,grocery,$50k,"['$4.50', '$4.50', '$4.50', '$4.50', '$4.50', '$4.50', '$4.50', '$4.50', '$4.50', '$4.50', '$4.50', '$4.50', '$4.50', '$4.50', '$4.50', '$4.50', '$4.50', '$4.50', '$4.50', '$4.50', '$4.50', '$4.50', '$4.50', '$4.50', '$4.50', '$4.50', '$4.50', '$4.50', '$4.50', '$4.50', '$4.50', '$4.50', '$4.50', '$4.50', '$4.50', '$4.50', '$4.50', '$4.50', '$4.50', '$4.50', '$4.50', '$4.50', '$4.50', '$4.50', '$4.50', '$4.50', '$4.50', '$4.50', '$4.50', '$4.50']",50,6
TU2_3_2_2,2.0,llama-2-70b,grocery,$50k,"['$4.50', '$4.50', '$4.50', '$4.50', ""Sure! Here's my answer:"", '$4.99', '$4.50', '$4.99', '$4.50', '$4.50', '$4.99', '$4.50', '$4.99', ""Sure! Here's my answer:"", '$4.50', '$4.50', '$4.50', '$4.50', '$4.50', '$4.99', '$4.50', '$4.50', '$4.50', '$4.50', '$4.50', '$4.50', '$4.50', ""Sure! Here's my answer:"", ""Sure! The answer I'd give in"", '$4.50', '$4.50', 'Sure! The price I would give my companion', 'I would say $4.50.', '$4.50', '$4.50', '$4.99', '$4.50', '$4.99', '$4.50', '$4.50', '$4.50', '$4.99', '$4.50', '$4.50', ""Sure! Here's my answer:"", '$4.50', '$4.50', ""Sure! I'd say $4."", '$4.99', '$4.50']",42,6
TU2_1_2_3,0.01,gpt-3.5-turbo,grocery,$70k,"['$5', '$5', '$5', '$5', '$5', '$5', '$5', '$5', '$5', '$5', '$5', '$5', '$5', '$5', '$5', '$5', '$5', '$5', '$5', '$5', '$5', '$5', '$5', '$5', '$5', '$5', '$5', '$5', '$5', '$5', '$5', '$5', '$5', '$5', '$5', '$5', '$5', '$5', '$5', '$5', '$5', '$5', '$5', '$5', '$5', '$5', '$5', '$5', '$5', '$5', '$5', '$5', '$5', '$5', '$5', '$5', '$5', '$5', '$5', '$5', '$5', '$5', '$5', '$5', '$5', '$5', '$5', '$5', '$5', '$5', '$5', '$5', '$5', '$5', '$5', '$5', '$5', '$5', '$5', '$5', '$5', '$5', '$5', '$5', '$5', '$5', '$5', '$5', '$5', '$5', '$5', '$5', '$5', '$5', '$5', '$5', '$5', '$5', '$5', '$5']",100,7
TU2_1_2_3,0.5,gpt-3.5-turbo,grocery,$70k,"['$5', '$5', '$5', '$5', '$5', '$5', '$5', '$5', '$5', '$5', '$5', '$5', '$5', '$5', '$5', '$5', '$5', '$5', '$5', '$5', '$5', '$5', '$5', '$5', '$5', '$10', '$5', '$5', '$5', '$5', '$5', '$5', '$10', '$5', '$5', '$5', '$5', '$5', '$5', '$5', '$5', '$5', '$5', '$5', '$5', '$10', '$5', '$5', '$5', '$5', '$7', '$5', '$5', '$7', '$5', '$5', '$5', '$5', '$5', '$5', '$5', '$5', '$5', '$5', '$5', '$5', '$5', '$5', '$5', '$5', '$5', '$5', '$5', '$7', '$5', '$5', '$5', '$5', '$5', '$5', '$5', '$5', '$5', '$5', '$5', '$5', '$5', '$5', '$5', '$5', '$5', '$5', '$5', '$5', '$5', '$5', '$5', '$5', '$5', '$4']",100,7
TU2_1_2_3,1.0,gpt-3.5-turbo,grocery,$70k,"['$5', '$5', '$5', '$7', '$5', '$5', '$10', '$5', '$5', '$7', '$5', '$5', '$5', '$10', '$5', '$5', '$5', '$5', '$5', '$5', '$5', '$5', '$5', '$10', '$5', '$5', '$5', '$5', '$5', '$5', '$7', '$5', '$5', '$5', '$5', '$5', '$5', '$5', '$10', '$5', '$5', '$5', '$5', '$5', '$5', '$10', '$5', '$5', '$4', '$5', '$5', '$5', '$7', '$3', '$5', '$5', '$5', '$3', '$10', '$5', '$5', '$5', '$5', '$5', '$6', '$5', '$7', '$5', '$5', '$5', '$5', '$5', '$5', '$5', '$5', '$5', '$5', '$5', '$5', '$7', '$5', '$5', '$5', '$5', '$5', '$5', '$5', '$5', '$5', '$5', '$5', '$5', '$4', '$5', '$5', '$5', '$5', '$5', '$5', '$5']",100,7
TU2_1_2_3,1.5,gpt-3.5-turbo,grocery,$70k,"['$10', '$5', '$5', '$7', '$5', '$7', '$5', '$5', '$6', '10.', '$6', '$7', '3.', '$5', '$5', '$5', '$5', '$7', '$5', '$5', '$5', '$5', '$7', '$\n4', '$6', '$8', '$7', '$5', '$5', '$5', '$10', '$5', '$5', '$5', '$4', '$4', '$5', '$8', '$5', '$5', '$5', '$15', '$5', '$6', '$7', '$5', '$6', '$4', '$5', '$10', '$6', '$5', '$5', '$8', '$5', '$5', '$5', '$8', '$7', '$5', '$5', '$10', '$7', '$5', '$5', '$10', '$5', '$7', '$4', '$5', '$5', '$5', '$5', '$6', '$10', '$8', '$4', '$5', '$4', '$5', '$5', '$5', '$5', '$5', '$5', '6.', '$10', '$10', '$3', '$8', '$5', '$5', '$5', '$5', '$8', '$5', '$10', '$7', '$3', '$12']",97,7
TU2_1_2_3,2.0,gpt-3.5-turbo,grocery,$70k,"['$5', '$5', '21.', 'Based on', '$5', '$7', '2712', '$10', '$5', '$7', '$boarding', '$7', '$6', '$cheap', '$5', '7.', '$4', 'Itell', '$25', '$10', '$4', '$5', '$10', '$5', '$3', '$8', '$5', '$3', '""$5', '$5', '$5', '$10', '$15', '$5', '$10', '$3', '$10', '$4', '$15', '$10', '$3', '$4', '$5', '$3', '$9', '$8', '$5', '$6', '$4', '$500', '$8', '$10', '$10', '7.', '$6', '$5', '$10', '$5', '12/*', '$8', '\\$5', '$6', '$8', '$5', '$5', '$8', '$5', '$5', '$10', '$7', '$10', '$5', '$4', '$7', '$10', '$6', '$4', '$3', '$8', '6.', '$5', '$5', '$6', 'whatever mozilla', '36.', '$5', 'Yes', '$7', 'You Can', '$5', '$3', '5.', '$10', '$5', '$7', '$4', '5.', '3.', '$5', '$6']",83,7
TU2_2_2_3,0.01,gpt-4-1106-preview,grocery,$70k,"['$6', '$6', '$6', '$6', '$6', '$6', '$6', '$6', '$6', '$6', '$6', '$6', '$6', '$6', '$6', '$6', '$6', '$6', '$6', '$6', '$6', '$6', '$6', '$6', '$6', '$6', '$6', '$6', '$6', '$6', '$6', '$6', '$6', '$6', '$6', '$6', '$6', '$6', '$6', '$6', '$6', '$6', '$6', '$6', '$6', '$6', '$6', '$6', '$6', '$6']",50,7
TU2_2_2_3,0.5,gpt-4-1106-preview,grocery,$70k,"['$6', '$6', '$6', '$6', '$6', '$6', '$6', '$6', '$6', '$6', '$6', '$6', '$6', '$6', '$6', '$6', '$6', '$6', '$6', '$6', '$6', '$6', '$6', '$6', '$6', '$6', '$6', '$6', '$6', '$6', '$6', '$6', '$6', '$6', '$6', '$6', '$6', '$6', '$6', '$6', '$6', '$6', '$6', '$6', '$6', '$6', '$6', '$6', '$6', '$6']",50,7
TU2_2_2_3,1.0,gpt-4-1106-preview,grocery,$70k,"['$6', '$6', '$6', '$6', '$6', '$6', '$6', '$6', '$6', '$6', '$6', '$6', '$6', '$6', '$6', '$6', '$6', '$6', '$6', '$6', '$6', '$6', '$6', '$6', '$6', '$6', '$6', '$6', '$6', '$6', '$6', '$6', '$6', '$6', '$6', '$6', '$6', '$6', '$6', '$6', '$6', '$6', '$6', '$6', '$6', '$6', '$6', '$6', '$6', '$6']",50,7
TU2_2_2_3,1.5,gpt-4-1106-preview,grocery,$70k,"['$6', '$6', '$4', '$6', '$6', '$6', '$5', '$6', '$6', '$6', '$6', '$6', '$6', '$6', '$6', '$6', '$6', '$6', '$6', '$6', '$6', '$6', '$6', '$6', '$6', '$6', '$10', '$6', '$6', '$6', '$6', '$6', '$6', '$6', '$6', '$6', '$6', '$6', '$6', '$6', '$6', '$6', '$6', '$6', '$6', '$6', '$6', '$6', '$6', '$6']",50,7
TU2_2_2_3,2.0,gpt-4-1106-preview,grocery,$70k,"['$6', '$6', '$6', '$6', '$6', '$6', '$6', '$6', '$6', '$6', '$6', '$6', '$6', '$6', '$6', '$6', '$7', '$6', '$6', '$6', '$6', '$6', '$6', '$6', '$6', '$15', '$6', '$15', '$6', '$6', '$6', '$6', '$6', '$6', '$6', '$6', '$6', '$6', '$6', '$6', '$6', '$6', '$6', '$6', '$6', '$6', '$6', '$6', '$6', '$6']",50,7
TU2_3_2_3,0.01,llama-2-70b,grocery,$70k,"['$4.50', '$4.50', '$4.50', '$4.50', '$4.50', '$4.50', '$4.50', '$4.50', '$4.50', '$4.50', '$4.50', '$4.50', '$4.50', '$4.50', '$4.50', '$4.50', '$4.50', '$4.50', '$4.50', '$4.50', '$4.50', '$4.50', '$4.50', '$4.50', '$4.50', '$4.50', '$4.50', '$4.50', '$4.50', '$4.50', '$4.50', '$4.50', '$4.50', '$4.50', '$4.50', '$4.50', '$4.50', '$4.50', '$4.50', '$4.50', '$4.50', '$4.50', '$4.50', '$4.50', '$4.50', '$4.50', '$4.50', '$4.50', '$4.50', '$4.50']",50,7
TU2_3_2_3,0.5,llama-2-70b,grocery,$70k,"['$4.50', '$4.50', '$4.50', '$4.50', '$4.50', '$4.50', '$4.50', '$4.50', '$4.50', '$4.50', '$4.50', '$4.50', '$4.50', '$4.50', '$4.50', '$4.50', '$4.50', '$4.50', '$4.50', '$4.50', '$4.50', '$4.50', '$4.50', '$4.50', '$4.50', '$4.50', '$4.50', '$4.50', '$4.50', '$4.50', '$4.50', '$4.50', '$4.50', '$4.50', '$4.50', '$4.50', '$4.50', '$4.50', '$4.50', '$4.50', '$4.50', '$4.50', '$4.50', '$4.50', '$4.50', '$4.50', '$4.50', '$4.50', '$4.50', '$4.50']",50,7
TU2_3_2_3,1.0,llama-2-70b,grocery,$70k,"['$4.50', '$4.50', '$4.50', '$4.50', '$4.50', '$4.50', '$4.50', '$4.50', '$4.50', '$4.50', '$4.50', '$4.50', '$4.50', '$4.50', '$4.50', '$4.50', '$4.50', '$4.50', '$4.50', '$4.50', '$4.50', '$4.50', '$4.50', '$4.50', '$4.50', '$4.50', '$4.50', '$4.50', '$4.50', '$4.50', '$4.50', '$4.50', '$4.50', '$4.50', '$4.50', '$4.50', '$4.50', '$4.50', '$4.50', '$4.50', '$4.50', '$4.50', '$4.50', '$4.50', '$4.50', '$4.50', '$4.50', '$4.50', '$4.50', '$4.50']",50,7
TU2_3_2_3,1.5,llama-2-70b,grocery,$70k,"['$4.50', '$4.50', '$4.50', '$4.50', '$4.50', '$4.50', '$4.50', '$4.50', '$4.50', '$4.50', '$4.50', '$4.50', '$4.50', '$4.50', '$4.50', '$4.50', '$4.50', '$4.50', '$4.50', '$4.50', '$4.50', '$4.50', '$4.50', '$4.50', '$4.50', '$4.50', '$4.50', '$4.50', '$4.50', '$4.50', '$4.50', '$4.50', '$4.50', '$4.50', '$4.50', '$4.50', '$4.50', '$4.50', '$4.50', '$4.50', '$4.50', '$4.50', '$4.50', '$4.50', '$4.50', '$4.50', '$4.50', '$4.50', '$4.50', '$4.50']",50,7
TU2_3_2_3,2.0,llama-2-70b,grocery,$70k,"['$4.50', 'I would say $4.50.', 'Sure! The price I would give my companion', 'Sure! The price I would give my companion', 'I would say $4.50.', 'I would say $4.50.', '$4.50', ""Sure! Here's my answer:"", ""Sure! here's my answer:"", ""Sure! The answer I've arrived at"", '$4.50', '$4.50', 'I would tell my companion to look for a', '$4.50', 'I would say $4.50.', '$4.50', '$4.50', ""Sure! Here's my answer:"", '$4.50', '$4.50', '$4.50', '$4.50', '$4.50', '$4.50', '$4.50', '$4.50', '$4.50', '$4.50', '$4.50', ""Sure! Here's my answer:"", '$4.50', '$4.50', '$4.50', '$4.50', '$4.50', ""Sure!Here's my answer:"", '$4.50', '$4.50', '$4.50', '$4.50', '$4.50', '$4.50', '$4.50', '$4.50', '$4.50', '$4.50', '$4.50', '$4.50', '$4.50', ""Sure! Here's my answer:""]",36,7
TU2_1_2_4,0.01,gpt-3.5-turbo,grocery,$120k,"['$10', '$5', '$5', '$5', '$5', '$10', '$10', '$10', '$5', '$10', '$5', '$5', '$5', '$5', '$10', '$10', '$5', '$10', '$10', '$10', '$5', '$10', '$10', '$10', '$5', '$5', '$10', '$5', '$5', '$10', '$5', '$5', '$5', '$10', '$5', '$5', '$10', '$5', '$10', '$10', '$10', '$10', '$5', '$5', '$5', '$5', '$10', '$5', '$5', '$10', '$10', '$10', '$10', '$5', '$5', '$5', '$5', '$5', '$5', '$10', '$5', '$10', '$5', '$5', '$5', '$10', '$5', '$5', '$10', '$10', '$5', '$5', '$10', '$10', '$10', '$10', '$5', '$5', '$10', '$10', '$10', '$5', '$10', '$5', '$5', '$10', '$10', '$10', '$5', '$10', '$5', '$5', '$10', '$5', '$10', '$5', '$5', '$10', '$10', '$10']",100,8
TU2_1_2_4,0.5,gpt-3.5-turbo,grocery,$120k,"['$5', '$10', '$5', '$10', '$5', '$5', '$5', '$5', '$10', '$5', '$5', '$8', '$5', '$5', '$10', '$10', '$5', '$10', '$5', '$10', '$10', '$5', '$10', '$5', '$10', '$10', '$5', '$10', '$5', '$10', '$5', '$10', '$5', '$10', '$7', '$5', '$5', '$10', '$10', '$10', '$10', '$5', '$5', '$10', '$10', '$10', '$5', '$5', '$5', '$8', '$10', '$5', '$5', '$10', '$10', '$5', '$5', '$10', '$5', '$5', '$5', '$5', '$5', '$5', '$5', '$5', '$5', '$10', '$10', '$5', '$5', '$10', '$5', '$5', '$10', '$10', '$5', '$10', '$8', '$5', '$5', '$10', '$5', '$10', '$5', '$10', '$10', '$10', '$10', '$10', '$5', '$5', '$10', '$10', '$10', '$10', '$5', '$5', '$10', '$5']",100,8
TU2_1_2_4,1.0,gpt-3.5-turbo,grocery,$120k,"['$5', '$7', '$5', '$10', '$10', '$10', '$5', '$5', '$7', '$8', '$5', '$7', '$5', '$15', '$5', '$10', '$5', '$10', '$8', '$10', '$8', '$10', '$5', '$5', '$5', '$8', '$4', '$5', '$10', '$10', '$6', '$8', '$6', '$5', '$5', '$7', '$8', '$8', '$5', '$10', '$10', '$10', '$7', '$5', '$8', '$10', '$10', '$5', '$10', '$5', '$5', '$7', '$5', '$10', '$8', '$10', '$5', '$8', '$6', '$10', '$10', '$10', '$5', '$5', '$5', '$10', '$5', '$10', '$4', '$10', '$7', '$7', '$10', '$6', '$8', '$5', '$10', '$5', '$10', '$5', '$5', '$7', '$10', '$8', '$5', '$5', '$8', '$10', '$5', '$7', '$7', '$10', '$5', '$5', '$7', '$10', '$10', '$7', '$10', '$5']",100,8
TU2_1_2_4,1.5,gpt-3.5-turbo,grocery,$120k,"['$10', '$7', '$5', '$5', '$5', '$10', '$12', '$8', '$20', '$5', '$5', '$10', '$7', '$5', '$7', '$10', '$10', '$10', '$10', '$5', '$4', '$10', '$10', '$7', '$15', '$5', '$5', '$5', '$5', '$5', '$6', '$10', '$8', '$154', '$6', '$8', '$8', '$15', '$7', '$5', '$5', '$10', '$5', '20.', '$9', '$15', '$5', '$5', '$9', '$5', '$10', '$6', '$13', '$5', '$10', '$9', '$3', '$5', '$10', '$5', '$10', '$10', '$7', '$10', '$8', '$5', '$7', '$5', '$9', '$10', '$5', '$10', '$8', '$10', '$7', '$10', '$15', '$8', '$7', '$10', '$4', '$8', '$5', '$10', '$10', '$5', '$10', '$5', '$4', '$7', '$10', '$7', '$8', '$7', '$8', '$5', '$5', '$7', '$10', '$5']",99,8
TU2_1_2_4,2.0,gpt-3.5-turbo,grocery,$120k,"['$5', '$5', '$7', '43.', '$5', '$8', '$7', '$257', '$9', '$2', '$5', '20.', '$7', '$7', '$9', '$15', '$5', '$5', '90.', '$7', '$20', '$8', '$5', '$You', '$8', '$12', '$10', '$10', '$5', 'OctoberE', '$7', '$8', '59.', '$7', '$6', '$5', '$10', '$7', '$10', '$10', '67.', '$7', 'Answer was', '$10', '$5', '$10', 'I am', '$10', '$10', '$8', '$10', '$3', '$1', '$8', 'ten.align', 'I would', '$2', '$50', '$10', '$5', '$100', '$10', '$7', '$S', '$10', '$_._', '\\+$', '$11', '$3', '$ (', '$3', '$10', '$5', '$5', '$10', '$10', '$5', '$784', '$12', '$9', '$hort', '$10', '$5', '$10', '$5', '$7', '$8', '$100', '9.', '$10', '$10', '$10', '$123', '$1', '$8', '$4', '$10', '$5', '$10', '$8']",88,8
TU2_2_2_4,0.01,gpt-4-1106-preview,grocery,$120k,"['$6', '$6', '$6', '$6', '$6', '$6', '$6', '$6', '$6', '$6', '$6', '$6', '$6', '$6', '$6', '$6', '$6', '$6', '$6', '$6', '$6', '$6', '$6', '$6', '$6', '$6', '$6', '$6', '$6', '$6', '$6', '$6', '$6', '$6', '$6', '$6', '$6', '$6', '$6', '$6', '$6', '$6', '$6', '$6', '$6', '$6', '$6', '$6', '$6', '$6']",50,8
TU2_2_2_4,0.5,gpt-4-1106-preview,grocery,$120k,"['$6', '$6', '$6', '$6', '$6', '$6', '$6', '$6', '$6', '$6', '$6', '$6', '$6', '$6', '$6', '$6', '$6', '$6', '$6', '$6', '$6', '$6', '$6', '$6', '$6', '$6', '$6', '$6', '$6', '$6', '$6', '$6', '$6', '$6', '$6', '$6', '$6', '$6', '$6', '$6', '$6', '$6', '$6', '$6', '$6', '$6', '$6', '$6', '$6', '$6']",50,8
TU2_2_2_4,1.0,gpt-4-1106-preview,grocery,$120k,"['$6', '$6', '$6', '$6', '$6', '$6', '$6', '$6', '$6', '$6', '$6', '$6', '$6', '$6', '$6', '$6', '$6', '$6', '$6', '$6', '$6', '$6', '$6', '$6', '$6', '$6', '$6', '$10', '$6', '$6', '$6', '$6', '$6', '$6', '$6', '$6', '$6', '$6', '$6', '$6', '$6', '$6', '$6', '$6', '$6', '$6', '$6', '$6', '$6', '$6']",50,8
TU2_2_2_4,1.5,gpt-4-1106-preview,grocery,$120k,"['$6', '$6', '$5', '$6', '$6', '$6', '$6', '$6', '$6', '$6', '$6', '$6', '$6', '$6', '$6', '$6', '$6', '$6', '$6', '$6', '$6', '$7', '$6', '$6', '$6', '$6', '$6', '$6', '$6', '$6', '$6', '$7', '$6', '$6', '$6', '$6', '$6', '$6', '$6', '$6', '$6', '$6', '$6', '$10', '$6', '$6', '$15', '$6', '$6', '$6']",50,8
TU2_2_2_4,2.0,gpt-4-1106-preview,grocery,$120k,"['$7', '$6', '$6', '$6', '$147', '$5', '$6', '$6', '$7', '$6', '$6', '$5', '$6', '$6', '$7', '$6', '$6', '$6', '$6', '$6', '$6', '$6', '$6', '$6', '$6', '$6', '$6', '$6', '$6', '$6', '$5', '$6', '$6', '$6', '$6', '$6', '$6', '$6', '$6', '$6', '$6', '$5', '$6', '$5', '$10', '$5', '$6', '$7', '$12', '$6']",50,8
TU2_3_2_4,0.01,llama-2-70b,grocery,$120k,"['$8.50', '$8.50', '$8.50', '$8.50', '$8.50', '$8.50', '$8.50', '$8.50', '$8.50', '$8.50', '$8.50', '$8.50', '$7.50', '$8.50', '$8.50', '$8.50', '$8.50', '$8.50', '$7.50', '$8.50', '$8.50', '$8.50', '$8.50', '$8.50', '$7.50', '$7.50', '$8.50', '$8.50', '$8.50', '$8.50', '$8.50', '$8.50', '$8.50', '$8.50', '$8.50', '$8.50', '$8.50', '$8.50', '$8.50', '$8.50', '$8.50', '$8.50', '$8.50', '$8.50', '$8.50', '$8.50', '$8.50', '$8.50', '$8.50', '$8.50']",50,8
TU2_3_2_4,0.5,llama-2-70b,grocery,$120k,"['$7.50', '$7.50', '$8.50', '$8.50', '$8.50', '$8.50', '$7.50', '$5.50', '$5.50', '$8.50', '$8.50', '$7.50', '$8.50', '$8.50', '$8.50', '$8.50', '$7.50', '$5.50', '$5.50', '$7.50', '$8.50', '$7.50', '$8.50', '$5.50', '$8.50', '$7.50', '$8.50', '$8.50', '$8.50', '$5.50', '$7.50', '$7.50', '$8.50', '$8.50', '$7.50', '$8.50', '$8.50', '$8.50', '$8.50', '$7.50', '$7.50', '$7.50', '$7.50', '$8.50', '$8.50', '$8.50', '$8.50', '$7.50', '$5.50', '$8.50']",50,8
TU2_3_2_4,1.0,llama-2-70b,grocery,$120k,"['$8.50', '$8.50', '$5.50', '$7.50', '$8.50', '$8.50', '$8.50', '$7.50', '$8.50', '$8.50', '$8.50', '$8.50', '$8.50', '$7.50', '$7.50', '$7.50', '$5.50', '$5.50', '$7.50', '$8.50', '$7.50', '$7.50', '$7.50', '$5.50', '$5.50', '$8.50', '$5.50', '$5.50', '$8.50', '$8.50', '$8.50', '$5.75', '$5.50', '$7.50', '$8.50', '$8.50', '$7.50', '$7.50', '$7.50', '$7.50', '$8.50', '$5.50', '$8.50', '$8.50', '$7.50', '$8.50', '$5.50', '$5.75', '$7.50', '$7.50']",50,8
TU2_3_2_4,1.5,llama-2-70b,grocery,$120k,"['$7.50', '$7.50', '$7.50', '$5.50', '$8.50', '$8.50', '$5.50', '$8.50', '$8.50', '$7.50', '$5.75', '$5.75', '$7.50', '$5.50', '$5.50', '$8.50', '$5.50', '$5.50', '$7.50', '$8.50', '$7.50', '$7.50', '$7.50', '$5.50', '$5.75', '$8.50', '$7.50', '$7.50', '$7.50', '$8.50', '$7.50', '$7.50', '$8.50', '$7.50', '$7.50', '$7.50', '$7.50', '$8.50', '$7.50', '$7.50', '$7.50', '$7.50', '$5.75', '$7.50', '$5.99', '$7.50', '$5.50', '$8.50', '$5.75', '$5.75']",50,8
TU2_3_2_4,2.0,llama-2-70b,grocery,$120k,"['$4.50', ""Sure! Here's my answer:"", '$5.50', '$4.99', '$5.99', 'Sure! The answer is $7.5', ""Sure! Here's my answer:"", '$8.50', '$7.50', '$5.50', ""Sure! Here's my answer:"", '$8.50', '$8.50', '$4.50', '$8.50', '$8.50', '$7.50', ""Sure! Here's my answer:"", '$5.99', '$8.50', ""Sure! Here's my answer:"", '$8.50', '$5.99', '$7.50', ""Sure! Here's my answer:"", ""Sure! Here's my answer:"", ""Sure! Here's my answer:"", '$7.50', ""Sure! I'll give you a one"", ""Sure! Here's my answer:"", '$5.50', ""Sure! Here's my answer:"", '$4.50', '$5.50', ""Sure! Here's my answer:"", '$4.50', ""Sure! Here's my answer:"", '$7.50', ""Sure! Here's my answer:"", ""Sure! Here's my answer:"", ""Sure! Here's my answer:"", ""Sure! Here's my answer:"", '$7.50', ""Sure! Here's my answer:"", '$4.50', ""Sure! Here's my answer:"", 'I would say $5.50.', 'Sure! The price I would give my companion', '$8.50', ""Sure! Here's my answer:""]",27,8
