Experiment_id,Temperature,Model,Initial_cost,Orientation_price,Buyer,Answers,Obs.,Configuration,Original,Original_count
TU_1_1_1_1,0.01,gpt-3.5-turbo,0,5,friend,"['$5', '$5', '$5', '$5', '$5', '$5', '$5', '$5', '$5', '$5', '$5', '$5', '$5', '$5', '$5', '$5', '$5', '$5', '$5', '$5', '$5', '$5', '$5', '$5', '$5', '$5', '$5', '$5', '$5', '$5', '$5', '$5', '$5', '$5', '$5', '$5', '$5', '$5', '$5', '$5', '$5', '$5', '$5', '$5', '$5', '$5', '$5', '$5', '$5', '$5', '$5', '$5', '$5', '$5', '$5', '$5', '$5', '$5', '$5', '$5', '$5', '$5', '$5', '$5', '$5', '$5', '$5', '$5', '$5', '$5', '$5', '$5', '$5', '$5', '$5', '$5', '$5', '$5', '$5', '$5', '$5', '$5', '$5', '$5', '$5', '$5', '$5', '$5', '$5', '$5', '$5', '$5', '$5', '$5', '$5', '$5', '$5', '$5', '$5', '$5']",100,1,"[68, 26, 3, 6]",31
TU_1_1_1_1,0.5,gpt-3.5-turbo,0,5,friend,"['$5', '$5', '$5', '$5', '$5', '$5', '$5', '$5', '$5', '$5', '$5', '$5', '$5', '$5', '$5', '$5', '$5', '$5', '$5', '$5', '$5', '$5', '$5', '$5', '$5', '$5', '$5', '$5', '$5', '$5', '$5', '$5', '$5', '$5', '$5', '$5', '$5', '$5', '$5', '$5', '$5', '$5', '$5', '$5', '$5', '$5', '$5', '$5', '$5', '$5', '$5', '$5', '$5', '$5', '$5', '$5', '$5', '$5', '$5', '$5', '$5', '$5', '$5', '$5', '$5', '$5', '$5', '$5', '$5', '$5', '$5', '$5', '$5', '$5', '$5', '$5', '$5', '$5', '$5', '$5', '$5', '$5', '$5', '$5', '$5', '$5', '$5', '$5', '$5', '$5', '$5', '$5', '$5', '$5', '$5', '$5', '$5', '$5', '$5', '$5']",100,1,"[68, 26, 3, 6]",31
TU_1_1_1_1,1.0,gpt-3.5-turbo,0,5,friend,"['$5', '$5', '$5', '$5', '$5', '$5', '$5', '$5', '$5', '$5', '$5', '$5', '$5', '$5', '$5', '$5', '$5', '$5', '$5', '$5', '$5', '$5', '$5', '$5', '$5', '$5', '$5', '$5', '$5', '$5', '$5', '$5', '$5', '$5', '$5', '$5', '$5', '$5', '$5', '$5', '$5', '$5', '$5', '$5', '$5', '$5', '$5', '$5', '$5', '$5', '$5', '$5', '$5', '$5', '$5', '$5', '$5', '$5', '$5', '$5', '$5', '$5', '$5', '$5', '$5', '$5', '$10', '$5', '$5', '$5', '$5', '$5', '$5', '$5', '$5', '$5', '$5', '$5', '$5', '$5', '$5', '$0', '$5', '$5', '$5', '$5', '$5', '$5', '$5', '$5', '$5', '$5', '$5', '$5', '$5', '$5', '$5', '$5', '$5', '$5']",100,1,"[68, 26, 3, 6]",31
TU_1_1_1_1,1.5,gpt-3.5-turbo,0,5,friend,"['$5', '$5', '$5', '$10', 'The price', '$5', '$5', '$5', '$5', '$5', '$5', 'More than', '$5', '$5', '$5', '$5', '$5', '$5', '$5', '$5', '$5', '$5', 'Price:', '$5', '$15', '$5', '$5', '$5', '$5', '$5', '$10', '$5', '$5', '$5', '$6', '$5', '$5', '$5', ""I'll"", '$2', '7.', '$5', '$5', '$5', '$5', '$5', '$0', '$5', '$5', '$5', '$5', '$5', '$5', '$0', '$5', '$5', '$5', '$5', '$5', '$5', '$5', '$5', '$5', '$5', '$5', '$5', '$5', '$5', '$5', '$5', '$5', '$5', '$5', '$5', '$6', '$5', '$5', '$5', '$5', '$5', '$5', '$5', '$5', '$5', '$5', '$0', '$5', '$10', '$5', '$5', '$5', '$5', '$5', '$5', '$5', '$5', '$5', '$8', '$5', '$5']",95,1,"[68, 26, 3, 6]",31
TU_1_1_1_1,2.0,gpt-3.5-turbo,0,5,friend,"['$5', '$5', '98 dollars', 'Can |', 'Technical tools', '$5', '$7', 'Toy sher', '$5', '$5', '$8', 'I ask', '$0', '$5', '$5', '$555', '5', '$10', '$5', '$5', '$0', 'It may', 'Friend?', '$4', '$5', '$5', '$5', '$5', 'I would', '$5', '$5', '$0', 'Price:', '$5', '$10', '$5', '$5', '98.clientWidth', '$5', '(!$UN', '$5', '$5', '$5', '$8', 'no enforcement', '$5', 'The cost', 'I would', '$5', '$5', '8.', '--\n$', '$5', '$5', 'Six ç', '$8', '510', 'make Stub', 'Any price', '$5', '$2', 'More than', '$10', '$5', 'Same price', '$10', '$5', '$No', '$5', '$-content', '$5', '$5', '$5', '$5', '$5', '$4', '$5', '*$5', '581212', 'Bow493', '$5', '$Are', '$ such', '$5', '$5', '$5', '$5', '$5', '$5', '--\n$', '$5', '$5', '$0', '$5', '$5', '$5', '$5', '$', '$5', '$5']",68,1,"[68, 26, 3, 6]",31
TU_2_1_1_1,0.01,gpt-4-1106-preview,0,5,friend,"['$0', '$0', '$0', '$0', '$0', '$0', '$0', '$0', '$0', '$0', '$0', '$0', '$0', '$0', '$0', '$0', '$0', '$0', '$5', '$0', '$0', '$0', '$0', '$5', '$0', '$0', '$0', '$0', '$0', '$0', '$0', '$0', '$0', '$0', '$0', '$5', '$0', '$5', '$0', '$0', '$0', '$5', '$0', '$0', '$0', '$0', '$0', '$0', '$5', '$0']",50,1,"[68, 26, 3, 6]",31
TU_2_1_1_1,0.5,gpt-4-1106-preview,0,5,friend,"['$5', '$0', '$0', '$5', '$0', '$5', '$0', '$5', '$0', '$0', '$5', '$0', '$0', '$0', '$0', '$0', '$0', '$0', '$0', '$0', '$0', '$0', '$0', '$0', '$0', '$0', '$5', '$5', '$0', '$0', '$0', '$0', '$0', '$5', '$0', '$0', '$5', '$0', '$0', '$5', '$0', '$0', '$0', '$0', '$0', '$5', '$0', '$0', '$0', '$0']",50,1,"[68, 26, 3, 6]",31
TU_2_1_1_1,1.0,gpt-4-1106-preview,0,5,friend,"['$0', '$0', '$5', '$5', '$5', '$0', '$0', '$5', '$0', '$0', '$0', '$0', '$0', '$0', '$5', '$0', '$0', '$0', '$5', '$0', '$0', '$0', '$0', '$5', '$0', '$0', '$0', '$0', '$0', '$0', '$0', '$0', '$0', '$0', '$0', '$5', '$5', '$5', '$0', '$5', '$0', '$0', '$5', '$5', '$0', '$0', '$0', '$5', '$5', '$0']",50,1,"[68, 26, 3, 6]",31
TU_2_1_1_1,1.5,gpt-4-1106-preview,0,5,friend,"['$0', '$0', '$5', '$5', '$0', '$5', '$5', '$0', '$0', '$5', '$0', '$0', '$0', '$0', '$5', '$0', '$0', '$0', '$5', '$5', '$5', '$5', '$5', '$0', '$5', '$0', '$0', '$0', '$5', '$0', '$0', '$0', '$5', '$5', '$0', '$5', '$5', '$5', '$0', '$0', '$5', '$5', '$0', '$0', '$0', '$0', '$5', '$0', '$5', '$5']",50,1,"[68, 26, 3, 6]",31
TU_2_1_1_1,2.0,gpt-4-1106-preview,0,5,friend,"['$0', '$5', '$0', '$0', '$0', '$0', '$0', '$5', '$5', '$5', '$5', '$0', '$5', '$0', '$5', '$5', '$5', '$0', '$5', '$5', '$0', '$5', '$5', '$5', '$5', '$0', '$0', '$5', '$5', '$0', '$5', '$0', '$0', '$0', '$5', '$5', '$0', '$0', '$0', '$5', '$0', '$0', '$0', '$0', '$0', '$5', '$5', '$5', '$0', '$0']",50,1,"[68, 26, 3, 6]",31
TU_3_1_1_1,0.01,llama-2-70b,0,5,friend,"['$10', '$10', '$10', '$10', '$10', '$10', '$10', '$10', '$10', '$10', '$10', '$10', '$10', '$10', '$10', '$10', '$10', '$10', '$10', '$10', '$10', '$10', '$10', '$10', '$10', '$10', '$10', '$10', '$10', '$10', '$10', '$10', '$10', '$10', '$10', '$10', '$10', '$10', '$10', '$10', '$10', '$10', '$10', '$10', '$10', '$10', '$10', '$10', '$10', '$10']",50,1,"[68, 26, 3, 6]",31
TU_3_1_1_1,0.5,llama-2-70b,0,5,friend,"['$10', '$10', '$10', '$10', '$10', '$10', '$10', '$10', '$10', '$10', '$10', '$10', '$10', '$10', '$10', '$10', '$10', '$10', '$10', '$10', '$10', '$10', '$10', '$10', '$10', '$10', '$10', '$10', '$10', '$10', '$10', '$10', '$10', '$10', '$10', '$10', '$10', '$10', '$10', '$10', '$10', '$10', '$10', '$10', '$10', '$10', '$10', '$10', '$10', '$10']",50,1,"[68, 26, 3, 6]",31
TU_3_1_1_1,1.0,llama-2-70b,0,5,friend,"['$10', '$10', '$10', '$10', '$10', '$10', '$10', '$10', '$10', '$10', '$10', '$10', '$10', '$10', '$10', '$10', '$10', '$10', '$10', '$10', '$10', '$10', '$10', '$10', '$10', '$10', '$10', '$10', '$10', '$10', '$10', '$10', '$10', '$10', '$10', '$10', '$10', '$10', '$10', '$10', '$10', '$10', '$10', '$10', '$10', '$10', '$10', '$10', '$10', '$10']",50,1,"[68, 26, 3, 6]",31
TU_3_1_1_1,1.5,llama-2-70b,0,5,friend,"['$10', '$10', '$10', '$10', '$10', '$10', '$10', '$10', '$10', '$10', '$10', '$10', '$10', '$10', '$10', '$10', '$10', '$10', '$10', '$10', '$10', '$10', '$10', '$10', '$10', '$10', '$10', '$10', '$10', '$10', '$10', '$10', '$10', '$10', '$10', '$10', '$10', '$10', '$10', '$10', '$10', '$10', '$10', '$10', '$10', '$10', '$10', '$10', '$10', '$10']",50,1,"[68, 26, 3, 6]",31
TU_3_1_1_1,2.0,llama-2-70b,0,5,friend,"['$10', '$10', '$10', '$10', '$$10', '$10', '$10', '$10', '$10', '$10', '$10', '$10', '$$10', 'I would ask for $10.', '$10', '$10', '$10', '$10', '$10', '$10', '$10', '$10', '$10', '$10', 'I would ask for $10.', '$10', '$10', '$10', '$10', '$10', '$10', '$10', '$10', '$10', '$10', '$10', '$10', '$10', '$10', '$10', '$10', '$10', '$10', '$10', '$10', '$10', '$10', '$10', '$10', '$10']",46,1,"[68, 26, 3, 6]",31
TU_1_1_1_2,0.01,gpt-3.5-turbo,0,5,stranger,"['$10', '$5', '$5', '$10', '$10', '$5', '$10', '$5', '$5', '$5', '$5', '$5', '$5', '$5', '$5', '$5', '$10', '$5', '$5', '$5', '$10', '$5', '$10', '$5', '$5', '$5', '$5', '$5', '$5', '$5', '$5', '$5', '$10', '$5', '$5', '$5', '$5', '$5', '$5', '$5', '$5', '$5', '$5', '$5', '$10', '$5', '$5', '$5', '$5', '$5', '$10', '$5', '$5', '$5', '$5', '$5', '$5', '$10', '$5', '$5', '$5', '$5', '$5', '$5', '$5', '$10', '$5', '$5', '$5', '$5', '$5', '$10', '$5', '$5', '$5', '$10', '$5', '$5', '$5', '$5', '$5', '$5', '$5', '$5', '$5', '$5', '$5', '$5', '$5', '$5', '$10', '$10', '$5', '$5', '$5', '$5', '$5', '$5', '$5', '$5']",100,2,"[6, 77, 10, 6]",31
TU_1_1_1_2,0.5,gpt-3.5-turbo,0,5,stranger,"['$10', '$10', '$10', '$10', '$10', '$5', '$5', '$5', '$5', '$5', '$10', '$10', '$5', '$5', '$5', '$5', '$5', '$5', '$5', '$5', '$10', '$5', '$5', '$5', '$10', '$5', '$10', '$5', '$5', '$10', '$10', '$5', '$10', '$10', '$5', '$5', '$10', '$10', '$5', '$10', '$5', '$5', '$5', '$5', '$10', '$5', '$10', '$5', '$5', '$10', '$5', '$5', '$5', '$10', '$5', '$5', '$5', '$10', '$10', '$5', '$5', '$10', '$5', '$10', '$10', '$5', '$5', '$10', '$5', '$5', '$10', '$5', '$5', '$10', '$5', '$5', '$10', '$10', '$10', '$5', '$10', '$5', '$10', '$10', '$10', '$10', '$5', '$10', '$5', '$5', '$10', '$5', '$10', '$10', '$10', '$10', '$10', '$10', '$5', '$5']",100,2,"[6, 77, 10, 6]",31
TU_1_1_1_2,1.0,gpt-3.5-turbo,0,5,stranger,"['$5', '$10', '$10', '$5', '$5', '$5', '$5', '$9', '$5', '$5', '$5', '$5', '$5', '$5', '$5', '$10', '$5', '$5', '$15', '$5', '$10', '$5', '$10', '$5', '$10', '$10', '$10', '$5', '$10', '$20', '$10', '$5', '$10', '$10', '$10', '$10', '$10', '$10', '$5', '$10', '$10', '$5', '$10', '$5', '$10', '$10', '$10', '$15', '$5', '$10', '$5', '$5', '$10', '$5', '$10', '$10', '$20', '$5', '$10', '$5', '$10', '$5', '$20', '$10', '$5', '$5', '$10', '$5', '$5', '$5', '$5', '$10', '$10', '$5', '$10', '$5', '$10', '$10', '$5', '$5', '$10', '$5', '$5', '$5', '$20', '$5', '$5', '$10', '$10', '$5', '$30', '$10', '$10', '$5', '$10', '$5', '$10', '$5', '$10', '$5']",100,2,"[6, 77, 10, 6]",31
TU_1_1_1_2,1.5,gpt-3.5-turbo,0,5,stranger,"['$10', '$10', '$10', '$15', '$6', '$2', '$50', '$6', '$5', '$10', '$5', '$5', 'I ask', '$20', '10.', '$5', '$10', '$15', '$5', '$5', '$5', '$2', '$5', '$25', '$5', '$5', '$5', '$5', '$5', '$5', '$5', '$50', 'I ask', '$10', 'Price:', '$10', '$10', '$15', '$25', '$10', '$10', '$5', '$5', '$15', '$10', '$20', '$10', '$5', '$80', '$15', '$15', '$5', '$10', '$10', '$20', '$5', '$7', '$15', '$10', '$15', '$10', '$5', '$10', '$10', '$5', '$5', '$20', '$5', '$10', '$10', '$5', '$10', '$5', '$10', '$8', '$10', '$5', '$10', '$5', '$10', '$10', '$10', '$10', '$10', '$6', '$10', '$20', '$10', '$10', '$5', '$10', '$20', '$10', '$10', '$7', '$10', '$15', '$10', '$20', '$15']",96,2,"[6, 77, 10, 6]",31
TU_1_1_1_2,2.0,gpt-3.5-turbo,0,5,stranger,"['IMA612', '$ Gal', 'They price', '$10', '$50', '$5', '$10', '$10', '$10', '$10', '$100', '$6', 'Neither User', '$25', '$3', '$10', 'Typically', '$10', '$19', '$10', 'Answer:', '$40', '$20', '$20', '34.', 'ThinkMem', '$7', '$7', '$5', '$\nAbort', '19.', '$10', '$10', '$5', '$5', '$5', '80folio', '$5', '$8', '($20', '$10', '$5', '$든', '$30', '$15', 'n/a', '$100', '$50', '$25', '$5', 'Provided', '$10', '$10', '$10', '$5', '$10', '$50', 'َAnswer', '$8', '$15', 'price/result', '$10', '$10', '$5', '$10', '$10', '$5', '$5', '$16', 'asking_questions', '$8', '$10', '$15', '?$7', 'Greater than', '$5', '$5', '6 drug', '$5', '$10', '$10', 'Let’s', '$10', '$5', '8.', '$15', '$7', 'I would', '$23', '$5', '$10', '$5', '$ Balance', '$10', '$5', '$5', '53.', '$5', '$10', '$1']",74,2,"[6, 77, 10, 6]",31
TU_2_1_1_2,0.01,gpt-4-1106-preview,0,5,stranger,"['$5', '$5', '$5', '$5', '$5', '$5', '$5', '$5', '$5', '$5', '$5', '$5', '$5', '$5', '$5', '$5', '$5', '$5', '$5', '$5', '$5', '$5', '$5', '$5', '$5', '$5', '$5', '$5', '$5', '$5', '$5', '$5', '$5', '$5', '$5', '$5', '$5', '$5', '$5', '$5', '$5', '$5', '$5', '$5', '$5', '$5', '$5', '$5', '$5', '$5']",50,2,"[6, 77, 10, 6]",31
TU_2_1_1_2,0.5,gpt-4-1106-preview,0,5,stranger,"['$5', '$5', '$5', '$5', '$5', '$5', '$5', '$5', '$5', '$5', '$5', '$5', '$5', '$5', '$5', '$5', '$5', '$5', '$5', '$5', '$5', '$5', '$5', '$5', '$5', '$5', '$5', '$5', '$5', '$5', '$5', '$5', '$5', '$5', '$5', '$5', '$5', '$5', '$5', '$5', '$5', '$5', '$5', '$5', '$5', '$5', '$5', '$5', '$5', '$5']",50,2,"[6, 77, 10, 6]",31
TU_2_1_1_2,1.0,gpt-4-1106-preview,0,5,stranger,"['$5', '$5', '$5', '$5', '$5', '$5', '$5', '$5', '$5', '$5', '$5', '$5', '$5', '$5', '$5', '$5', '$5', '$5', '$5', '$5', '$5', '$5', '$5', '$5', '$5', '$5', '$5', '$5', '$5', '$5', '$5', '$5', '$5', '$5', '$5', '$5', '$5', '$5', '$5', '$5', '$5', '$5', '$5', '$5', '$5', '$5', '$5', '$5', '$5', '$5']",50,2,"[6, 77, 10, 6]",31
TU_2_1_1_2,1.5,gpt-4-1106-preview,0,5,stranger,"['$5', '$5', '$5', '$5', '$5', '$5', '$5', '$5', '$5', '$5', '$5', '$5', '$5', '$5', '$5', '$5', '$5', '$5', '$5', '$5', '$5', '$5', '$5', '$5', '$5', '$5', '$5', '$5', '$5', '$5', '$5', '$5', '$5', '$5', '$5', '$5', '$5', '$5', '$5', '$5', '$5', '$5', '$5', '$5', '$5', '$5', '$5', '$5', '$5', '$5']",50,2,"[6, 77, 10, 6]",31
TU_2_1_1_2,2.0,gpt-4-1106-preview,0,5,stranger,"['$5', '$5', '$5', '$5', '$5', '$5', '$5', '$5', '$5', '$5', '$5', '$5', '$5', '$5', '$5', '$5', '$5', '$5', '$5', '$5', '$5', '$5', '$5', '$5', '$5', '$5', '$5', '$5', '$5', '$5', '$5', '$5', '$5', '$5', '$5', '$5', '$5', '$5', '$5', '$5', '$5', '$5', '$5', '$5', '$5', '$5', '$5', '$5', '$5', '$5']",50,2,"[6, 77, 10, 6]",31
TU_3_1_1_2,0.01,llama-2-70b,0,5,stranger,"['$10', '$10', '$10', '$10', '$10', '$10', '$10', '$10', '$10', '$10', '$10', '$10', '$10', '$10', '$10', '$10', '$10', '$10', '$10', '$10', '$10', '$10', '$10', '$10', '$10', '$10', '$10', '$10', '$10', '$10', '$10', '$10', '$10', '$10', '$10', '$10', '$10', '$10', '$10', '$10', '$10', '$10', '$10', '$10', '$10', '$10', '$10', '$10', '$10', '$10']",50,2,"[6, 77, 10, 6]",31
TU_3_1_1_2,0.5,llama-2-70b,0,5,stranger,"['$10', '$10', '$10', '$10', '$10', '$10', '$10', '$10', '$10', '$10', '$10', '$10', '$10', '$10', '$10', '$10', '$10', '$10', '$10', '$10', '$10', '$10', '$10', '$10', '$10', '$10', '$10', '$10', '$10', '$10', '$10', '$10', '$10', '$10', '$10', '$10', '$10', '$10', '$10', '$10', '$10', '$10', '$10', '$10', '$10', '$10', '$10', '$10', '$10', '$10']",50,2,"[6, 77, 10, 6]",31
TU_3_1_1_2,1.0,llama-2-70b,0,5,stranger,"['$10', '$10', '$10', '$10', '$10', '$10', '$10', '$10', '$10', '$10', '$10', '$10', '$10', '$10', '$10', '$10', '$10', '$10', '$10', '$10', '$10', '$10', '$10', '$10', '$10', '$10', '$10', '$10', '$10', '$10', '$10', '$10', '$10', '$10', '$10', '$10', '$10', '$10', '$10', '$10', '$10', '$10', '$10', '$10', '$10', '$10', '$10', '$10', '$10', '$10']",50,2,"[6, 77, 10, 6]",31
TU_3_1_1_2,1.5,llama-2-70b,0,5,stranger,"['$10', '$10', '$10', '$10', '$10', '$10', '$10', '$10', '$10', '$10', '$10', '$10', '$10', '$10', '$10', '$10', '$10', '$10', '$10', '$10', '$10', '$10', '$10', '$10', '$10', '$10', '$10', '$10', '$10', '$10', '$10', '$10', '$10', '$10', '$10', '$10', '$10', '$10', '$10', '$10', '$10', '$10', '$10', '$10', '$10', '$10', '$10', '$10', '$10', '$10']",50,2,"[6, 77, 10, 6]",31
TU_3_1_1_2,2.0,llama-2-70b,0,5,stranger,"['$10', '$10', '$10', '$10', '$$10.00\n\nAs', '$10', '$10', '$10', '$10', '$10', '$10', '$10', '$10', '$10', '$10', '$10', 'I would ask for $10.', '$10', '$10', '$10', '$10', '$10', '$10', '$10', '$10', '$10', '$10', '$10', '$10', '$10', '$10', '$10', '$10', '$10', '""$10""', '$10', 'I would ask for $10.', '$10', '$10', 'I would ask for $10.', '$10', '$10', '$10', '""$10""', '$10', '$10', '$10', '$10', 'I would ask for $10.', '$10']",43,2,"[6, 77, 10, 6]",31
TU_1_1_2_1,0.01,gpt-3.5-turbo,0,10,friend,"['$5', '$5', '$5', '$5', '$5', '$5', '$5', '$5', '$5', '$5', '$5', '$5', '$5', '$5', '$5', '$5', '$5', '$5', '$5', '$5', '$5', '$5', '$5', '$5', '$5', '$5', '$5', '$5', '$5', '$5', '$5', '$5', '$5', '$5', '$5', '$5', '$5', '$5', '$5', '$5', '$5', '$5', '$5', '$5', '$5', '$5', '$5', '$5', '$5', '$5', '$5', '$5', '$5', '$5', '$5', '$5', '$5', '$5', '$5', '$5', '$5', '$5', '$5', '$5', '$5', '$5', '$5', '$5', '$5', '$5', '$5', '$5', '$5', '$5', '$5', '$5', '$5', '$5', '$5', '$5', '$5', '$5', '$5', '$5', '$5', '$5', '$5', '$5', '$5', '$5', '$5', '$5', '$5', '$5', '$5', '$5', '$5', '$5', '$5', '$5']",100,3,"[65, 26, 6, 3]",31
TU_1_1_2_1,0.5,gpt-3.5-turbo,0,10,friend,"['$5', '$5', '$5', '$5', '$5', '$5', '$5', '$5', '$5', '$5', '$5', '$5', '$5', '$5', '$5', '$5', '$5', '$5', '$5', '$5', '$5', '$5', '$5', '$5', '$5', '$5', '$5', '$5', '$5', '$5', '$5', '$5', '$5', '$5', '$5', '$5', '$5', '$5', '$5', '$5', '$5', '$5', '$5', '$5', '$5', '$5', '$5', '$5', '$5', '$5', '$5', '$5', '$5', '$5', '$5', '$5', '$5', '$5', '$5', '$5', '$5', '$5', '$5', '$5', '$5', '$5', '$5', '$5', '$5', '$5', '$5', '$5', '$5', '$5', '$5', '$5', '$5', '$5', '$5', '$5', '$5', '$5', '$5', '$5', '$5', '$5', '$5', '$5', '$5', '$5', '$5', '$5', '$5', '$5', '$5', '$5', '$5', '$5', '$5', '$5']",100,3,"[65, 26, 6, 3]",31
TU_1_1_2_1,1.0,gpt-3.5-turbo,0,10,friend,"['$5', '$5', '$7', '$5', '$5', '$5', '$5', '$5', '$5', '$5', '$5', '$5', '$5', '$5', '$5', '$5', '$5', '$5', '$5', '$5', '$10', '$7', '$5', '$5', '$10', '$5', '$5', '$5', '$5', '$5', '$5', '$5', '$5', '$5', '$5', '$10', '$7', '$5', '$5', '$5', '$5', '$5', '$5', '$5', '$5', '$5', '$10', '$5', '$5', '$5', '$5', '$5', '$5', '$5', '$5', '$5', '$5', '$5', '$5', '$5', '$8', '$5', '$5', '$5', '$5', '$5', '$5', '$5', '$5', '$5', '$5', '$5', '$5', '$5', '$5', '$5', '$5', '$5', '$5', '$5', '$5', '$5', '$5', '$5', '$10', '$5', '$5', '$5', '$5', '$5', '$5', '$5', '$5', '$5', '$5', '$10', '$5', '$5', '$5', '$5']",100,3,"[65, 26, 6, 3]",31
TU_1_1_2_1,1.5,gpt-3.5-turbo,0,10,friend,"['$5', '$0', '$5', '$5', '$5', '$5', '$5', '$5', '$5', '$5', '$5', '$7', '$5', '$5', '$5', '$5', '10.', '$5', '$5', '$5', '$5', '$5', '$8', '$5', '$5', '$5', '$5', '$5', '$5', '$5', '$5', '$5', 'A single', '$5', '$5', '$5', '$10', '$5', '$5', '$7', '$5', '$5', '$5', '$5', '$5', '$5', '$5', '$5', '$5', '$5', '5.', '$5', '$5', '$5', '$5', '$5', '$5', '$5', '$5', '$10', '$5', '$5', '$5', '$5', '$10', '$5', '$5', '$5', '$5', '$5', '$5', '$5', '$5', '$10', '$5', '$5', '$8', '$5', '$5', '$5', '$5', '$5', '$8', '20.', '$5', '$5', '$8', '$5', '$5', '$5', '$10', '$5', '$5', '$10', '$8', '$7', '$5', '$7', '$5', '$5']",96,3,"[65, 26, 6, 3]",31
TU_1_1_2_1,2.0,gpt-3.5-turbo,0,10,friend,"['$5', '$5', 'I would', '$5', '$5', 'The computer', 'As an', '$5', '$6', '$5', '$5', '$5', '$15', '$5', '$10', '$5', '$5', '$10', 'There still', '$[', '$5', '$5', '$5', '$10', '$5', '$nund', '$5', '$5', '$5', '$10', '$9', '$10', '$5', '$5', '$10', '$10', '10.', '$10', '$5', '$5', 'Women=None', '$5', '$5', '$5', '$5', '$5', 'Key Piece', '$5', '$5', '$5', '$no', '$7', '$affles', '$5', 'I will', '0.', '$5', 'International elegance', '$10', '$6', '$5', '10.', '$5', '$10', '$5', '$5', '$5', '$5', '$5', '$5', 'HoHX', '$5', '$6', '$5', '$7', '$5', '$5', '$NgModule', '$5', '$5', '$5', '$6', '912 crowdfunding', '$5', '$5', '$ McDonald', '$10', '$7', '482 IQ', '$5', '$8', '$5', '$5', '$5', '$d', '$ Rab', '$5', '$5', '$5', '$5']",78,3,"[65, 26, 6, 3]",31
TU_2_1_2_1,0.01,gpt-4-1106-preview,0,10,friend,"['$0', '$0', '$0', '$0', '$0', '$0', '$0', '$0', '$0', '$0', '$0', '$0', '$0', '$0', '$0', '$0', '$0', '$0', '$0', '$0', '$0', '$0', '$0', '$0', '$0', '$0', '$0', '$0', '$0', '$0', '$0', '$0', '$0', '$0', '$0', '$0', '$0', '$0', '$0', '$0', '$0', '$0', '$0', '$0', '$0', '$0', '$0', '$0', '$0', '$0']",50,3,"[65, 26, 6, 3]",31
TU_2_1_2_1,0.5,gpt-4-1106-preview,0,10,friend,"['$0', '$0', '$0', '$0', '$0', '$0', '$0', '$0', '$0', '$0', '$0', '$0', '$0', '$0', '$0', '$0', '$0', '$0', '$0', '$0', '$0', '$0', '$0', '$0', '$0', '$0', '$0', '$0', '$0', '$0', '$0', '$0', '$0', '$0', '$0', '$0', '$0', '$0', '$0', '$0', '$0', '$0', '$0', '$0', '$0', '$0', '$0', '$0', '$0', '$0']",50,3,"[65, 26, 6, 3]",31
TU_2_1_2_1,1.0,gpt-4-1106-preview,0,10,friend,"['$0', '$0', '$0', '$0', '$0', '$0', '$0', '$0', '$0', '$0', '$0', '$0', '$0', '$0', '$0', '$0', '$0', '$0', '$0', '$0', '$0', '$0', '$0', '$0', '$0', '$0', '$0', '$0', '$0', '$0', '$0', '$0', '$0', '$0', '$0', '$0', '$0', '$0', '$0', '$0', '$0', '$0', '$0', '$0', '$0', '$0', '$0', '$0', '$0', '$0']",50,3,"[65, 26, 6, 3]",31
TU_2_1_2_1,1.5,gpt-4-1106-preview,0,10,friend,"['$0', '$0', '$0', '$5', '$0', '$0', '$0', '$0', '$0', '$0', '$0', '$0', '$0', '$5', '$0', '$0', '$0', '$0', '$0', '$0', '$0', '$0', '$0', '$0', '$0', '$0', '$0', '$0', '$0', '$0', '$0', '$0', '$5', '$0', '$0', '$0', '$0', '$0', '$0', '$0', '$0', '$0', '$0', '$0', '$0', '$5', '$0', '$0', '$0', '$0']",50,3,"[65, 26, 6, 3]",31
TU_2_1_2_1,2.0,gpt-4-1106-preview,0,10,friend,"['$0', '$5', '$0', '$0', '$0', '$0', '$0', '$0', '$0', '$0', '$0', '$0', '$0', '$0', '$5', '$0', '$0', '$0', '$0', '$0', '$0', '$0', '$0', '$0', '$0', '$0', '$0', '$0', '$0', '$0', '0.', '$5', '$0', '$0', '$0', '$0', '$0', '$0', '$0', '$0', '$0', '$0', '$5', '$0', '$0', '$0', '$0', '$0', '$0', '$0']",49,3,"[65, 26, 6, 3]",31
TU_3_1_2_1,0.01,llama-2-70b,0,10,friend,"['$15', '$15', '$15', '$15', '$15', '$15', '$15', '$15', '$15', '$15', '$15', '$15', '$15', '$15', '$15', '$15', '$15', '$15', '$15', '$15', '$15', '$15', '$15', '$15', '$15', '$15', '$15', '$15', '$15', '$15', '$15', '$15', '$15', '$15', '$15', '$15', '$15', '$15', '$15', '$15', '$15', '$15', '$15', '$15', '$15', '$15', '$15', '$15', '$15', '$15']",50,3,"[65, 26, 6, 3]",31
TU_3_1_2_1,0.5,llama-2-70b,0,10,friend,"['$15', '$15', '$15', '$15', '$15', '$15', '$15', '$15', '$15', '$15', '$15', '$15', '$15', '$15', '$15', '$15', '$15', '$15', '$15', '$15', '$15', '$15', '$15', '$15', '$15', '$15', '$15', '$15', '$15', '$15', '$15', '$15', '$15', '$15', '$15', '$15', '$15', '$15', '$15', '$15', '$15', '$15', '$15', '$15', '$15', '$15', '$15', '$15', '$15', '$15']",50,3,"[65, 26, 6, 3]",31
TU_3_1_2_1,1.0,llama-2-70b,0,10,friend,"['$15', '$15', '$15', '$15', '$15', '$15', '$15', '$15', '$15', '$15', '$15', '$15', '$15', '$15', '$15', '$15', '$15', '$15', '$15', '$15', '$15', '$15', '$15', '$15', '$15', '$15', '$15', '$15', '$15', '$15', '$15', '$15', '$15', '$15', '$15', '$15', '$15', '$15', '$15', '$15', '$15', '$15', '$15', '$15', '$15', '$15', '$15', '$15', '$15', '$15']",50,3,"[65, 26, 6, 3]",31
TU_3_1_2_1,1.5,llama-2-70b,0,10,friend,"['$15', '$15', '$15', '$15', '$15', '$15', '$15', '$15', '$15', '$15', '$15', '$15', '$15', '$15', '$15', '$15', '$15', '$15', '$15', '$15', '$15', '$15', '$15', '$15', '$15', '$15', '$15', '$15', '$15', '$15', '$15', '$15', '$15', '$15', '$15', '$15', '$15', '$15', '$15', '$15', '$15', '$15', '$15', '$15', '$15', '$15', '$15', '$15', '$15', '$15']",50,3,"[65, 26, 6, 3]",31
TU_3_1_2_1,2.0,llama-2-70b,0,10,friend,"['$15', '$15', '$15', '""$20""', '$15', '$15', '$15', '$15', '$15', '$15', '$15', '$15', '$15', '$15', '$15', '$15', '$15', '$15', '$15', '$15', '$15', '$15', '$15', '$15', '$15', '$15', '$15', '$15', '$15', '$15', '$15', '$15', '$15', '$15', '$15', '$15', '$15', '$15', '$15', '$$25', '$15', '$15', '$15', '$15', '""$20""', '$15', '""$20""', '$15', ""$$25 dollars  If he's"", '$15']",45,3,"[65, 26, 6, 3]",31
TU_1_1_2_2,0.01,gpt-3.5-turbo,0,10,stranger,"['$10', '$10', '$10', '$10', '$10', '$10', '$10', '$10', '$10', '$10', '$10', '$10', '$10', '$10', '$10', '$10', '$10', '$10', '$10', '$10', '$10', '$10', '$10', '$10', '$10', '$10', '$10', '$10', '$10', '$10', '$10', '$10', '$10', '$10', '$10', '$10', '$10', '$10', '$10', '$10', '$10', '$10', '$10', '$10', '$10', '$10', '$10', '$10', '$10', '$10', '$10', '$10', '$10', '$10', '$10', '$10', '$10', '$10', '$10', '$10', '$10', '$10', '$10', '$10', '$10', '$10', '$10', '$10', '$10', '$10', '$10', '$10', '$10', '$10', '$10', '$10', '$10', '$10', '$10', '$10', '$10', '$10', '$10', '$10', '$10', '$10', '$10', '$10', '$10', '$10', '$10', '$10', '$10', '$10', '$10', '$10', '$10', '$10', '$10', '$10']",100,4,"[6, 16, 58, 19]",31
TU_1_1_2_2,0.5,gpt-3.5-turbo,0,10,stranger,"['$10', '$10', '$10', '$10', '$10', '$10', '$10', '$10', '$10', '$10', '$10', '$10', '$10', '$10', '$10', '$10', '$10', '$10', '$10', '$10', '$10', '$10', '$10', '$10', '$10', '$10', '$10', '$10', '$10', '$10', '$10', '$10', '$10', '$10', '$10', '$10', '$10', '$10', '$10', '$10', '$10', '$10', '$10', '$10', '$10', '$10', '$10', '$10', '$10', '$10', '$10', '$10', '$10', '$10', '$10', '$10', '$10', '$10', '$10', '$10', '$10', '$10', '$10', '$10', '$10', '$10', '$10', '$10', '$10', '$10', '$10', '$10', '$10', '$10', '$10', '$10', '$10', '$10', '$10', '$10', '$10', '$10', '$10', '$10', '$10', '$10', '$10', '$10', '$10', '$10', '$10', '$10', '$10', '$10', '$10', '$10', '$10', '$10', '$10', '$10']",100,4,"[6, 16, 58, 19]",31
TU_1_1_2_2,1.0,gpt-3.5-turbo,0,10,stranger,"['$10', '$10', '$10', '$10', '$10', '$10', '$10', '$10', '$10', '$10', '$10', '$10', '$10', '$10', '$10', '$10', '$10', '$10', '$10', '$10', '$7', '$10', '$10', '$10', '$10', '$10', '$10', '$10', '$10', '$10', '$10', '$10', '$10', '$10', '$10', '$10', '$10', '$10', '$10', '$10', '$10', '$10', '$10', '$10', '$10', '$10', '$10', '$10', '$10', '$10', '$10', '$10', '$10', '$10', '$10', '$10', '$10', '$10', '$10', '$10', '$15', '$10', '$10', '$10', '$10', '$10', '$10', '$10', '$10', '$10', '$10', '$10', '$10', '$10', '$10', '$10', '$10', '$10', '$10', '$10', '$10', '$10', '$10', '$10', '$10', '$10', '$10', '$10', '$10', '$10', '$10', '$10', '$10', '$10', '$10', '$10', '$10', '$10', '$10', '$10']",100,4,"[6, 16, 58, 19]",31
TU_1_1_2_2,1.5,gpt-3.5-turbo,0,10,stranger,"['$10', '$10', '$10', '$10', '$10', '$10', '$10', '$10', 'I would', '$10', '$10', '$10', 'I would', '$10', '$10', '$10', '$10', '$10', '$10', '$10', '$10', '$10', '$10', '$10', '$5', '$10', '$10', '$10', '$10', '$10', '$10', '$10', '$10', '$10', 'The price', '$10', '$10', '$10', '$15', '$10', '$10', '$7', '$10', '$id.price', '$10', '$10', '$10', '$10', '$10', '$10', '$10', '$9', '$5', '$10', '$10', '$10', '$10', '$8', '$10', '$8', '$10', '$10', '$10', '$10', '$10', '$15', '$10', '$10', '$10', '$15', '$10', '$10', '$10', '$10', '$n$', '$10', '$10', '$10', '$10', '$10', '$10', '$10', '$10', '$10', '$10', '$10', '$10', '$10', '$10', '$10', '$10', '$10', '$10', '$10', '$10', '$10', '$10', '$10', '$10', '$10']",95,4,"[6, 16, 58, 19]",31
TU_1_1_2_2,2.0,gpt-3.5-turbo,0,10,stranger,"['$10', '$10', '$10', '$8', '$10', 'Ten dollars', 'As an', '$8', 'Price:', '$7', 'I would', 'riskingdam', '10.', '$10', '$7', '$10', '$10', '$10', '$10', '$ibs', '$5', '$8', '$10', 'Unknown.', '$10', '$10', '$10', '$5', '10.', '$10', '$9', '$10', '$10', '$10', '$10', '$10', '$10', 'dy086', '$10', '$20', '$10', '$10', '$10', '$9', '$10', '$10', '$10', '$20', '$10', '$10', '$10', '$10', 'Charging', 'Bahund', '$10', '$iband', '$7', '$5', '$10', '$12', '$IR', '$10', '$10', '$7', 'Pixel params', '$10', '$10', 'Since Coleman', '$10', 'Field PA', '$5', 'Mark it', '$10', 'Determining', '$10', '$10', 'USD98', '$10', '$10', '$10', '$7', '$10', '', '$6', '10.', '$10', '$10', '$5', '$10', '$10', '$8', '$20', '$8', '$9', 'Charged', '$11', 'By using', '$10', '$10', '$10']",76,4,"[6, 16, 58, 19]",31
TU_2_1_2_2,0.01,gpt-4-1106-preview,0,10,stranger,"['$10', '$10', '$10', '$10', '$10', '$10', '$10', '$10', '$10', '$10', '$10', '$10', '$10', '$10', '$10', '$10', '$10', '$10', '$10', '$10', '$10', '$10', '$10', '$10', '$10', '$10', '$10', '$10', '$10', '$10', '$10', '$10', '$10', '$10', '$10', '$10', '$10', '$10', '$10', '$10', '$10', '$10', '$10', '$10', '$10', '$10', '$10', '$10', '$10', '$10']",50,4,"[6, 16, 58, 19]",31
TU_2_1_2_2,0.5,gpt-4-1106-preview,0,10,stranger,"['$10', '$10', '$10', '$10', '$10', '$10', '$10', '$10', '$10', '$10', '$10', '$10', '$10', '$10', '$10', '$10', '$10', '$10', '$10', '$10', '$10', '$10', '$10', '$10', '$10', '$10', '$10', '$10', '$10', '$10', '$10', '$10', '$10', '$10', '$10', '$10', '$10', '$10', '$10', '$10', '$10', '$10', '$10', '$10', '$10', '$10', '$10', '$10', '$10', '$10']",50,4,"[6, 16, 58, 19]",31
TU_2_1_2_2,1.0,gpt-4-1106-preview,0,10,stranger,"['$10', '$10', '$10', '$10', '$10', '$10', '$10', '$10', '$10', '$10', '$10', '$10', '$10', '$10', '$10', '$10', '$10', '$10', '$10', '$10', '$10', '$10', '$10', '$10', '$10', '$10', '$10', '$10', '$10', '$10', '$10', '$10', '$10', '$10', '$10', '$10', '$10', '$10', '$10', '$10', '$10', '$10', '$10', '$10', '$10', '$10', '$10', '$10', '$10', '$10']",50,4,"[6, 16, 58, 19]",31
TU_2_1_2_2,1.5,gpt-4-1106-preview,0,10,stranger,"['$10', '$10', '$10', '$10', '$10', '$10', '$10', '$10', '$10', '$10', '$10', '$10', '$10', '$10', '$10', '$10', '$10', '$10', '$10', '$10', '$10', '$10', '$10', '$10', '$10', '$10', '$10', '$10', '$10', '$10', '$10', '$10', '$10', '$10', '$10', '$10', '$10', '$10', '$10', '$10', '$10', '$10', '$10', '$10', '$10', '$10', '$10', '$10', '$10', '$10']",50,4,"[6, 16, 58, 19]",31
TU_2_1_2_2,2.0,gpt-4-1106-preview,0,10,stranger,"['$10', '$10', '$10', '$10', '$10', '$10', '$10', '$10', '$10', '$10', '$10', '\u200b\u200b$', '$10', '$10', '$10', '$10', '$10', '$10', '$10', '$10', '$10', '$10', '$10', '$10', '$10', '$10', '$10', '$10', '$10', '$10', '$10', '$10', '$10', '$10', '$10', '$10', '$10', '$10', '$10', '$10', '$10', '$10', '$10', '$10', '$10', '$10', '$10', '$10', '$10', '$10']",49,4,"[6, 16, 58, 19]",31
TU_3_1_2_2,0.01,llama-2-70b,0,10,stranger,"['$20', '$20', '$20', '$20', '$20', '$20', '$20', '$20', '$20', '$20', '$20', '$20', '$20', '$20', '$20', '$20', '$20', '$20', '$20', '$20', '$20', '$20', '$20', '$20', '$20', '$20', '$20', '$20', '$20', '$20', '$20', '$20', '$20', '$20', '$20', '$20', '$20', '$20', '$20', '$20', '$20', '$20', '$20', '$20', '$20', '$20', '$20', '$20', '$20', '$20']",50,4,"[6, 16, 58, 19]",31
TU_3_1_2_2,0.5,llama-2-70b,0,10,stranger,"['$20', '$20', '$20', '$20', '$20', '$20', '$20', '$20', '$20', '$20', '$20', '$20', '$20', '$20', '$20', '$20', '$20', '$20', '$20', '$20', '$20', '$20', '$20', '$20', '$20', '$20', '$20', '$20', '$20', '$20', '$20', '$20', '$20', '$20', '$20', '$20', '$20', '$20', '$20', '$20', '$20', '$20', '$20', '$20', '$20', '$20', '$20', '$20', '$20', '$20']",50,4,"[6, 16, 58, 19]",31
TU_3_1_2_2,1.0,llama-2-70b,0,10,stranger,"['$20', '$20', '$20', '$20', '$20', '$20', '$20', '$20', '$20', '$20', '$20', '$20', '$20', '$20', '$20', '$20', '$20', '$20', '$20', '$20', '$20', '$20', '$20', '$20', '$20', '$20', '$20', '$20', '$20', '$20', '$20', '$20', '$20', '$20', '$20', '$20', '$20', '$20', '$20', '$20', '$20', '$20', '$20', '$20', '$20', '$20', '$20', '$20', '$20', '$20']",50,4,"[6, 16, 58, 19]",31
TU_3_1_2_2,1.5,llama-2-70b,0,10,stranger,"['$20', '$20', '$20', '$20', '$20', '$20', '$20', '$20', '$20', '$20', '$20', '$20', '$20', '$20', '$20', '$20', '$20', '$20', '$20', '$20', '$20', '$20', '$20', '$20', '$20', '$20', '$20', '$20', '$20', '$20', '$20', '$20', '$20', '$20', '$20', '$20', '$20', '$20', '$20', '$20', '$20', '$20', '$20', '$20', '$20', '$20', '$20', '$20', '$20', '$20']",50,4,"[6, 16, 58, 19]",31
TU_3_1_2_2,2.0,llama-2-70b,0,10,stranger,"['$20', '$20', '$20', '$20', '$20', '$20', 'I would ask for $20.', '$20', '$20', '$20', '$20', '$20', '$20', '$20', '$20', '$20', 'I would ask for $20.', '$20', '$20', '$20', '$20', '$20', '$20', '$20', '$20', '$20', '$20', '$20', '""$20""', 'I would ask for $20.', '$20', '$15', '$20', '$20', '$20', '$20', '$20', '$20', '$20', '$20', '$20', '$20', '$20', '$20', '$20', '$20', '$20', '$20', '$20', 'I would ask for $20.']",45,4,"[6, 16, 58, 19]",31
TU_1_2_1_1,0.01,gpt-3.5-turbo,5,5,friend,"['$5', '$5', '$5', '$5', '$5', '$5', '$5', '$5', '$5', '$5', '$5', '$5', '$5', '$5', '$5', '$5', '$5', '$5', '$5', '$5', '$5', '$5', '$5', '$5', '$5', '$5', '$5', '$5', '$5', '$5', '$5', '$5', '$5', '$5', '$5', '$5', '$5', '$5', '$5', '$5', '$5', '$5', '$5', '$5', '$5', '$5', '$5', '$5', '$5', '$5', '$5', '$5', '$5', '$5', '$5', '$5', '$5', '$5', '$5', '$5', '$5', '$5', '$5', '$5', '$5', '$5', '$5', '$5', '$5', '$5', '$5', '$5', '$5', '$5', '$5', '$5', '$5', '$5', '$5', '$5', '$5', '$5', '$5', '$5', '$5', '$5', '$5', '$5', '$5', '$5', '$5', '$5', '$5', '$5', '$5', '$5', '$5', '$5', '$5', '$5']",100,5,"[14, 79, 7, 14]",28
TU_1_2_1_1,0.5,gpt-3.5-turbo,5,5,friend,"['$5', '$5', '$5', '$5', '$5', '$5', '$5', '$5', '$5', '$5', '$5', '$5', '$5', '$5', '$5', '$5', '$5', '$5', '$5', '$5', '$5', '$5', '$5', '$5', '$5', '$5', '$5', '$5', '$5', '$5', '$5', '$5', '$5', '$5', '$5', '$5', '$5', '$5', '$5', '$5', '$5', '$5', '$5', '$5', '$5', '$5', '$5', '$5', '$5', '$5', '$5', '$5', '$5', '$5', '$5', '$5', '$5', '$5', '$5', '$5', '$5', '$5', '$5', '$5', '$5', '$5', '$5', '$5', '$5', '$5', '$5', '$5', '$5', '$5', '$5', '$5', '$5', '$5', '$5', '$5', '$5', '$5', '$5', '$5', '$5', '$5', '$5', '$5', '$5', '$5', '$5', '$5', '$5', '$5', '$5', '$5', '$5', '$5', '$5', '$5']",100,5,"[14, 79, 7, 14]",28
TU_1_2_1_1,1.0,gpt-3.5-turbo,5,5,friend,"['$5', '$5', '$5', '$5', '$5', '$5', '$5', '$5', '$5', '$5', '$5', '$5', '$5', '$5', '$5', '$5', '$5', '$5', '$5', '$5', '$5', '$5', '$10', '$5', '$5', '$5', '$5', '$5', '$5', '$5', '$5', '$5', '$5', '$5', '$5', '$5', '$5', '$5', '$5', '$5', '$5', '$5', '$5', '$5', '$5', '$5', '$5', '$5', '$5', '$5', '$5', '$5', '$5', '$5', '$5', '$5', '$5', '$5', '$5', '$5', '$5', '$5', '$5', '$0', '$5', '$5', '$5', '$5', '$5', '$5', '$5', '$5', '$5', '$5', '$5', '$5', '$5', '$5', '$5', '$5', '$5', '$5', '$0', '$5', '$5', '$5', '$5', '$5', '$5', '$5', '$5', '$5', '$5', '$5', '$5', '$5', '$5', '$5', '$5', '$5']",100,5,"[14, 79, 7, 14]",28
TU_1_2_1_1,1.5,gpt-3.5-turbo,5,5,friend,"['$5', '$5', '$5', '$5', '$5', '$5', 'Some possible', '$5', '$5', '$5', '$5', '$5', '10.', '$5', '$5', '$10', '$5', '$5', '$5', '$5', '$5', '$5', '$5', '$5', '$5', '$5', '$5', '$5', '$5', '$5', '$5', '$5', '$0', '$10', '$5', '$5', '$5', '$5', '$5', '$5', '$5', '$5', '$5', '$5', '$0', '$0', '$5', '$5', '$5', '$5', '$5', '$5', '$5', '$5', '$5', '$5', '$5', '$5', '$5', '$5', '$5', '$5', '$5', '$5', '$5', '$5', '$5', '$5', '$7', '$5', '$5', '$5', '$5', '$5', '5.', '$5', '$5', '$5', '$5', '$5', '$5', '$5', 'Sorry,', '$5', '$5', '$5', '$5', '$5', '$5', '$0', '$5', '$5', '$5', '$5', '$5', '$5', '$0', '$5', '$5', '$5']",96,5,"[14, 79, 7, 14]",28
TU_1_2_1_1,2.0,gpt-3.5-turbo,5,5,friend,"['$5', '$5', '$5', '$5', 'Seven dollars', '75.Infof', '$1', '$5', '$5', '$20', 'MARK xxx', '$10', '$5', '10.', '$5', 'I would', '$5', '$5', '$5', 'Mynore', '$5', '$5', '15.', '$5', '07.', 'The price', '$5', '-$ U', '$5', '$5', '$5', '$5', '$5', '$5', '→ NaN', '100"".$', '78.', '$5', '8.', '$5', '520293', '$}->', '$12', '$5', 'Answer politely', '$5', '$""Ch', 'Pricedere', '$5', '$5', '$0', '$5', '$uvwxyz', 'Less', '$5', '$', '$k', ""'$5"", '$NP', '$5', '$5', 'God Career', '$', '$5', '$5', '$8', '$5', '$5', '$5', '$5', '$5', '$5', '$5', ""$','','"", '$0', '$5', '$12', '10.', '$5', '$5', '$5', '$PointSize', '$5', '$5', '$0', '$5', '$5', 'Any price', '$5', '5.', '$5', '$5', '$5', '$0', '$5', '$5', '$5', '$10', '$5', '$5']",68,5,"[14, 79, 7, 14]",28
TU_2_2_1_1,0.01,gpt-4-1106-preview,5,5,friend,"['$5', '$5', '$5', '$5', '$5', '$5', '$5', '$5', '$5', '$5', '$5', '$5', '$5', '$5', '$5', '$5', '$5', '$5', '$5', '$5', '$5', '$5', '$5', '$5', '$5', '$5', '$5', '$5', '$5', '$5', '$5', '$5', '$5', '$5', '$5', '$5', '$5', '$5', '$5', '$5', '$5', '$5', '$5', '$5', '$5', '$5', '$5', '$5', '$5', '$5']",50,5,"[14, 79, 7, 14]",28
TU_2_2_1_1,0.5,gpt-4-1106-preview,5,5,friend,"['$5', '$5', '$5', '$5', '$5', '$5', '$5', '$5', '$5', '$5', '$5', '$5', '$5', '$5', '$5', '$5', '$5', '$5', '$5', '$5', '$5', '$5', '$5', '$5', '$5', '$5', '$5', '$5', '$5', '$5', '$5', '$5', '$5', '$5', '$5', '$5', '$5', '$5', '$5', '$5', '$5', '$5', '$5', '$5', '$5', '$5', '$5', '$5', '$5', '$5']",50,5,"[14, 79, 7, 14]",28
TU_2_2_1_1,1.0,gpt-4-1106-preview,5,5,friend,"['$5', '$5', '$5', '$5', '$5', '$5', '$5', '$5', '$5', '$5', '$5', '$5', '$5', '$5', '$5', '$5', '$5', '$5', '$5', '$5', '$5', '$5', '$5', '$5', '$5', '$5', '$5', '$5', '$5', '$5', '$5', '$5', '$5', '$5', '$5', '$5', '$5', '$5', '$5', '$5', '$5', '$5', '$5', '$5', '$5', '$5', '$5', '$5', '$5', '$5']",50,5,"[14, 79, 7, 14]",28
TU_2_2_1_1,1.5,gpt-4-1106-preview,5,5,friend,"['$5', '$5', '$5', '$5', '$5', '$5', '$5', '$5', '$5', '$5', '$5', '$5', '$5', '$5', '$5', '$5', '$5', '$5', '$5', '$5', '$5', '$5', '$5', '$5', '$5', '$5', '$5', '$5', '$5', '$5', '$5', '$5', '$5', '$5', '$5', '$5', '$5', '$5', '$5', '$5', '$5', '$5', '$5', '$5', '$5', '$5', '$5', '$5', '$5', '$5']",50,5,"[14, 79, 7, 14]",28
TU_2_2_1_1,2.0,gpt-4-1106-preview,5,5,friend,"['$5', '$5', '$5', '$5', '$5', '$5', '$5', '$5', '$5', '$5', '$5', '$5', '$5', '$5', '$5', '$5', '$5', '$5', '$5', '$5', '$5', '$5', '$5', '$5', '$5', '$5', '$5', '$5', '$5', '$5', '$5', '$5', '$5', '$5', '$5', '$5', '$5', '$5', '$5', '$5', '$5', '$5', '$5', '$5', '$5', '$5', '$5', '$5', '$5', '$5']",50,5,"[14, 79, 7, 14]",28
TU_3_2_1_1,0.01,llama-2-70b,5,5,friend,"['$10', '$10', '$10', '$10', '$10', '$10', '$10', '$10', '$10', '$10', '$10', '$10', '$10', '$10', '$10', '$10', '$10', '$10', '$10', '$10', '$10', '$10', '$10', '$10', '$10', '$10', '$10', '$10', '$10', '$10', '$10', '$10', '$10', '$10', '$10', '$10', '$10', '$10', '$10', '$10', '$10', '$10', '$10', '$10', '$10', '$10', '$10', '$10', '$10', '$10']",50,5,"[14, 79, 7, 14]",28
TU_3_2_1_1,0.5,llama-2-70b,5,5,friend,"['$10', '$10', '$10', '$10', '$10', '$10', '$10', '$10', '$10', '$10', '$10', '$10', '$10', '$10', '$10', '$10', '$10', '$10', '$10', '$10', '$10', '$10', '$10', '$10', '$10', '$10', '$10', '$10', '$10', '$10', '$10', '$10', '$10', '$10', '$10', '$10', '$10', '$10', '$10', '$10', '$10', '$10', '$10', '$10', '$10', '$10', '$10', '$10', '$10', '$10']",50,5,"[14, 79, 7, 14]",28
TU_3_2_1_1,1.0,llama-2-70b,5,5,friend,"['$10', '$10', '$10', '$10', '$10', '$10', '$10', '$10', '$10', '$10', '$10', '$10', '$10', '$10', '$10', '$10', '$10', '$10', '$10', '$10', '$10', '$10', '$10', '$10', '$10', '$10', '$10', '$10', '$10', '$10', '$10', '$10', '$10', '$10', '$10', '$10', '$10', '$10', '$10', '$10', '$10', '$10', '$10', '$10', '$10', '$10', '$10', '$10', '$10', '$10']",50,5,"[14, 79, 7, 14]",28
TU_3_2_1_1,1.5,llama-2-70b,5,5,friend,"['$10', '$10', '$10', '$10', '$10', '$10', '$10', '$10', '$10', '$10', '$10', '$10', '$10', '$10', '$10', '$10', '$10', '$10', '$10', '$10', '$10', '$10', '$10', '$10', '$10', '$10', '$10', '$10', '$10', '$10', '$10', '$10', '$10', '$10', '$10', '$10', '$10', '$10', '$10', '$10', '$10', '$10', '$10', '$10', '$10', '$10', '$10', '$10', '$10', '$10']",50,5,"[14, 79, 7, 14]",28
TU_3_2_1_1,2.0,llama-2-70b,5,5,friend,"['$10', '$10', '$10', '$10', '$10', '$10', '$10', '$10', '""$10""', '$10', '$10', '$10', '$$10', '$10', '$10', '$10', '$10', '$10', '$10', '$10', '$10', '$10', '$10', '$10', '$10', '$10', '$10', '$10', '$10', '$10', '$10', '$10', 'I would ask for $10.', '$10', '$$10', '$10', '$10', '$10', '$10', '$10', '$10', '$10', '$10', '$10', '$10', '$10', '$10', '$10', '$10', '$10']",46,5,"[14, 79, 7, 14]",28
TU_1_2_1_2,0.01,gpt-3.5-turbo,5,5,stranger,"['$5', '$5', '$5', '$5', '$5', '$5', '$5', '$5', '$5', '$5', '$5', '$5', '$5', '$5', '$5', '$5', '$5', '$5', '$5', '$5', '$5', '$5', '$5', '$5', '$5', '$5', '$5', '$5', '$5', '$5', '$5', '$5', '$5', '$5', '$5', '$5', '$5', '$5', '$5', '$5', '$5', '$5', '$5', '$5', '$5', '$5', '$5', '$5', '$5', '$5', '$5', '$5', '$5', '$5', '$5', '$5', '$5', '$5', '$5', '$5', '$5', '$5', '$5', '$5', '$5', '$5', '$5', '$5', '$5', '$5', '$5', '$5', '$5', '$5', '$5', '$5', '$5', '$5', '$5', '$5', '$5', '$5', '$5', '$5', '$5', '$5', '$5', '$5', '$5', '$5', '$5', '$5', '$5', '$5', '$5', '$5', '$5', '$5', '$5', '$5']",100,6,"[0, 79, 7, 14]",28
TU_1_2_1_2,0.5,gpt-3.5-turbo,5,5,stranger,"['$10', '$10', '$5', '$5', '$5', '$5', '$5', '$5', '$10', '$5', '$5', '$5', '$5', '$5', '$5', '$5', '$10', '$5', '$10', '$5', '$5', '$5', '$5', '$5', '$5', '$5', '$5', '$5', '$5', '$10', '$5', '$5', '$5', '$5', '$5', '$5', '$5', '$5', '$5', '$5', '$5', '$5', '$5', '$5', '$5', '$5', '$5', '$5', '$5', '$5', '$5', '$5', '$5', '$5', '$5', '$5', '$5', '$5', '$5', '$5', '$5', '$5', '$5', '$5', '$5', '$5', '$5', '$10', '$5', '$10', '$5', '$5', '$5', '$5', '$5', '$5', '$5', '$5', '$5', '$10', '$5', '$5', '$5', '$5', '$5', '$5', '$5', '$5', '$5', '$5', '$5', '$10', '$5', '$5', '$5', '$5', '$5', '$5', '$5', '$5']",100,6,"[0, 79, 7, 14]",28
TU_1_2_1_2,1.0,gpt-3.5-turbo,5,5,stranger,"['I would', '$10', '$5', '$25', '$10', '$5', '$5', '$5', '$10', '$5', '$5', '$5', '$5', '$5', '$5', '$5', '$5', '$5', '$5', '$10', '$5', '$5', '$5', '$5', '$10', '$5', '$8', '$5', '$5', '$5', '$10', '$5', '$5', '$10', '$5', '$5', '$10', '$5', '$5', '$5', '$5', '$5', '$10', '$5', '$10', '$10', '$5', '$5', '$10', '$5', '$10', '$10', '$10', '$10', '$5', '$5', '$5', '$5', '$10', '$5', '$5', '$10', '$8', '$5', '$5', '$20', '$10', '$5', '$5', '$10', '$5', '$20', '$10', '$5', '$5', '$5', '$5', '$5', '$75', '$5', '$10', '$10', '$5', '$5', '$5', '$5', '$5', '$5', '$5', '$5', '$10', '$10', '$5', '$5', '$5', '$10', '$5', '$5', '$5', '$10']",99,6,"[0, 79, 7, 14]",28
TU_1_2_1_2,1.5,gpt-3.5-turbo,5,5,stranger,"['$20', '$7', '$15', '$10', '$5', '$5', '$10', '$10', '$5', '$10', '$25', '$5', '$5', '$6', '$5', '$10', '$5', '$5', '$20', '$5', '$15', '$5', '$5', '$5', '$10', '$10', '$5', '$5', '$5', '$15', '$20', '$30', '$5', '$5', '$5', '$20', '$5', '$10', '$5', 'Any price', '$10', '$5', '$10', '$10', '$5', '$5', '$20', '$10', '$10', '$5', '$50', '$5', '$5', '$10', '$8', '$10', '$5', '$5', '$10', '$5', '$5', '$10', '$10', '$5', '$5', '$20', '$10', '$10', '$5', '$10', '$5', '$10', '$12', '$5', '$80', '$5', '$5', '$10', '$5', '$5', '$5', '$10', '$10', '$5', '$5', '$10', '$5', '$5', '$5', '$35', '$5', '$5', '$5', '$10', '$10', '$40', '$5', '$5', '$5', '$10']",99,6,"[0, 79, 7, 14]",28
TU_1_2_1_2,2.0,gpt-3.5-turbo,5,5,stranger,"['$6', '$5', '$10', '$ ―', '$X', '$VV', '52.', '$10', '$5', '$10', '$205', '$Available', 'PRICE -', 'The price', '$10', '$10', 'Optional\\Request', '$5', '$5', '$10', '252935', 'EDA Awareness', 'I ask', '$100', '$5', '($7', '$10', '$60', '$10', '$5', 'The price', 'I ask', '$50', 'heatmap cod', '$10', '$7', '$5', '$105', '$5', '$10', 'Some possible', '$5', '$35', '$10', '$10', '$20', '$gif', '$15', '1-cent', '$5', '75 essential', '$40', '$6', '$5', '$CAN', '$8', '산한', '$7', '$5', '$5', '$10', 'Blank', '$23', '$abcd', '$18', '10.', '$50', 'Assume', '$/Card', '$765', '$177', '$30', '$5', '$6', '$20', 'Indicated', '$5', '$5', '$ for', '$7', '{\nAnswer', '$10', '$525', 'Have fanc', '$10', '$10', 'Rh$', '$5', 'AllMake', '$30', '$I SW', '$26', '$5', '$17', 'From the', '(est)**', '$850', '$30', '$5', '$5']",65,6,"[0, 79, 7, 14]",28
TU_2_2_1_2,0.01,gpt-4-1106-preview,5,5,stranger,"['$5', '$5', '$5', '$5', '$5', '$5', '$5', '$5', '$5', '$5', '$5', '$5', '$5', '$5', '$5', '$5', '$5', '$5', '$5', '$5', '$5', '$5', '$5', '$5', '$5', '$5', '$5', '$5', '$5', '$5', '$5', '$5', '$5', '$5', '$5', '$5', '$5', '$5', '$5', '$5', '$5', '$5', '$5', '$5', '$5', '$5', '$5', '$5', '$5', '$5']",50,6,"[0, 79, 7, 14]",28
TU_2_2_1_2,0.5,gpt-4-1106-preview,5,5,stranger,"['$5', '$5', '$5', '$5', '$5', '$5', '$5', '$5', '$5', '$5', '$5', '$5', '$5', '$5', '$5', '$5', '$5', '$5', '$5', '$5', '$5', '$5', '$5', '$5', '$5', '$5', '$5', '$5', '$5', '$5', '$5', '$5', '$5', '$5', '$5', '$5', '$5', '$5', '$5', '$5', '$5', '$5', '$5', '$5', '$5', '$5', '$5', '$5', '$5', '$5']",50,6,"[0, 79, 7, 14]",28
TU_2_2_1_2,1.0,gpt-4-1106-preview,5,5,stranger,"['$5', '$5', '$5', '$5', '$5', '$5', '$5', '$5', '$5', '$5', '$5', '$5', '$5', '$5', '$5', '$5', '$5', '$5', '$5', '$5', '$5', '$5', '$5', '$5', '$5', '$5', '$5', '$5', '$5', '$5', '$5', '$5', '$5', '$5', '$5', '$5', '$5', '$5', '$5', '$5', '$5', '$5', '$5', '$5', '$5', '$5', '$5', '$5', '$5', '$5']",50,6,"[0, 79, 7, 14]",28
TU_2_2_1_2,1.5,gpt-4-1106-preview,5,5,stranger,"['$5', '$5', '$5', '$5', '$5', '$5', '$5', '$5', '$5', '$5', '$5', '$5', '$5', '$5', '$5', '$5', '$5', '$5', '$5', '$5', '$5', '$5', '$5', '$5', '$5', '$5', '$5', '$5', '$5', '$5', '$5', '$5', '$5', '$5', '$5', '$5', '$5', '$5', '$5', '$5', '$5', '$5', '$5', '$5', '$5', '$5', '$5', '$5', '$5', '$5']",50,6,"[0, 79, 7, 14]",28
TU_2_2_1_2,2.0,gpt-4-1106-preview,5,5,stranger,"['$10', '$5', '$5', '$5', '$5', '$5', '$5', '$5', '$5', '$5', '$5', '$5', '$5', '$5', '$5', '$5', '$5', '$10', '$5', '$5', '$5', '$5', '$5', '$5', '$5', '$5', '$5', '$5', '$5', '$5', '$5', '$5', '$5', '$5', '$5', '$5', '$5', '$5', '$5', '$5', 'Ten-tw', '$5', '$5', '$5', '$5', '$5', '$5', '$5', '$5', '$5']",49,6,"[0, 79, 7, 14]",28
TU_3_2_1_2,0.01,llama-2-70b,5,5,stranger,"['$10', '$10', '$10', '$10', '$10', '$10', '$10', '$10', '$10', '$10', '$10', '$10', '$10', '$10', '$10', '$10', '$10', '$10', '$10', '$10', '$10', '$10', '$10', '$10', '$10', '$10', '$10', '$10', '$10', '$10', '$10', '$10', '$10', '$10', '$10', '$10', '$10', '$10', '$10', '$10', '$10', '$10', '$10', '$10', '$10', '$10', '$10', '$10', '$10', '$10']",50,6,"[0, 79, 7, 14]",28
TU_3_2_1_2,0.5,llama-2-70b,5,5,stranger,"['$10', '$10', '$10', '$10', '$10', '$10', '$10', '$10', '$10', '$10', '$10', '$10', '$10', '$10', '$10', '$10', '$10', '$10', '$10', '$10', '$10', '$10', '$10', '$10', '$10', '$10', '$10', '$10', '$10', '$10', '$10', '$10', '$10', '$10', '$10', '$10', '$10', '$10', '$10', '$10', '$10', '$10', '$10', '$10', '$10', '$10', '$10', '$10', '$10', '$10']",50,6,"[0, 79, 7, 14]",28
TU_3_2_1_2,1.0,llama-2-70b,5,5,stranger,"['$10', '$10', '$10', '$10', '$10', '$10', '$10', '$10', '$10', '$10', '$10', '$10', '$10', '$10', '$10', '$10', '$10', '$10', '$10', '$10', '$10', '$10', '$10', '$10', '$10', '$10', '$10', '$10', '$10', '$10', '$10', '$10', '$10', '$10', '$10', '$10', '$10', '$10', '$10', '$10', '$10', '$10', '$10', '$10', '$10', '$10', '$10', '$10', '$10', '$10']",50,6,"[0, 79, 7, 14]",28
TU_3_2_1_2,1.5,llama-2-70b,5,5,stranger,"['$10', '$10', '$10', '$10', '$10', '$10', '$10', '$10', '$10', '$10', '$10', '$10', '$10', '$10', '$10', '$10', '$10', '$10', '$10', '$10', '$10', '$10', '$10', '$10', '$10', '$10', '$10', '$10', '$10', '$10', '$10', '$10', '$10', '$10', '$10', '$10', '$10', '$10', '$10', '$10', '$10', '$10', '$10', '$10', '$10', '$10', '$10', '$10', '$10', '$10']",50,6,"[0, 79, 7, 14]",28
TU_3_2_1_2,2.0,llama-2-70b,5,5,stranger,"['$10', '$10', '$$10.', '$10', '$10', '$10', '$10', '$10', '$10', '$10', '$10', '$10', '$10', '$10', '$10', '$10', '$10', '$10', '$10', '$10', '$10', '$10', '$10', '$10', '$10', '$10', '$10', '$10', '$10', '$10', '$10', '$10', '$10', '$10', '$10', 'I would ask for $10.', '$10', ""$$10\n\nIf you've"", '$10', '$10', '$10', '$10', '$10', '$10', '$10', '$10', '$10', '$10', '$10', 'I would ask for $10.']",46,6,"[0, 79, 7, 14]",28
TU_1_2_2_1,0.01,gpt-3.5-turbo,5,10,friend,"['$5', '$5', '$5', '$5', '$5', '$5', '$5', '$5', '$5', '$5', '$5', '$5', '$5', '$5', '$5', '$5', '$5', '$5', '$5', '$5', '$5', '$5', '$5', '$5', '$5', '$5', '$5', '$5', '$5', '$5', '$5', '$5', '$5', '$5', '$5', '$5', '$5', '$5', '$5', '$5', '$5', '$5', '$5', '$5', '$5', '$5', '$5', '$5', '$5', '$5', '$5', '$5', '$5', '$5', '$5', '$5', '$5', '$5', '$5', '$5', '$5', '$5', '$5', '$5', '$5', '$5', '$5', '$5', '$5', '$5', '$5', '$5', '$5', '$5', '$5', '$5', '$5', '$5', '$5', '$5', '$5', '$5', '$5', '$5', '$5', '$5', '$5', '$5', '$5', '$5', '$5', '$5', '$5', '$5', '$5', '$5', '$5', '$5', '$5', '$5']",100,7,"[7, 79, 4, 9]",28
TU_1_2_2_1,0.5,gpt-3.5-turbo,5,10,friend,"['$5', '$5', '$5', '$5', '$5', '$5', '$5', '$5', '$5', '$5', '$5', '$5', '$5', '$5', '$5', '$5', '$5', '$5', '$5', '$5', '$5', '$5', '$5', '$5', '$5', '$5', '$5', '$5', '$5', '$5', '$5', '$5', '$5', '$5', '$5', '$5', '$5', '$5', '$5', '$5', '$5', '$5', '$5', '$5', '$5', '$5', '$5', '$5', '$5', '$5', '$5', '$5', '$5', '$5', '$5', '$5', '$5', '$5', '$5', '$5', '$5', '$5', '$5', '$5', '$10', '$5', '$5', '$5', '$5', '$5', '$5', '$5', '$5', '$5', '$5', '$5', '$5', '$5', '$5', '$5', '$5', '$5', '$5', '$5', '$5', '$5', '$5', '$5', '$5', '$5', '$5', '$5', '$5', '$5', '$5', '$5', '$5', '$5', '$5', '$5']",100,7,"[7, 79, 4, 9]",28
TU_1_2_2_1,1.0,gpt-3.5-turbo,5,10,friend,"['$5', '$5', '$5', '$5', '$5', '$5', '$5', '$5', '$5', '$5', '$5', '$5', '$10', '$5', '$5', '$5', '$10', '$5', '$5', '$5', '$5', '$5', '$5', '$5', '$5', '$5', '$5', '$5', '$5', '$5', '$5', '$5', '$5', '$5', '$5', '$5', '$5', '$5', '$5', '$5', '$5', '$5', '$5', '$5', '$10', '$5', '$5', '$5', '$5', '$5', '$5', '$5', '$5', '$5', '$5', '$5', '$5', '$5', '$5', '$5', '$5', '$5', '$5', '$5', '$5', '$5', '$5', '$5', '$5', '$5', '$5', '$5', '$5', '$5', '$5', '$5', '$5', '$5', '$5', '$5', '$5', '$5', '$5', '$10', '$5', '$5', '$5', '$5', '$5', '$5', '$10', '$5', '$5', '$5', '$5', '$5', '$5', '$5', '$5', '$5']",100,7,"[7, 79, 4, 9]",28
TU_1_2_2_1,1.5,gpt-3.5-turbo,5,10,friend,"['$5', '$5', '$5', '$5', '$5', '$5', '$5', '$5', '$5', '$5', '$5', '$5', '$5', '$5', '$6', '$5', '$5', '$5', '$5', '$5', '$7', '$5', '$5', '$5', '$5', '$7', '$7', '$5', '$5', '$5', '$5', '$10', '$5', '$5', '$5', '$5', '$5', '$5', '$5', '$5', '$5', '$5', '$5', '$5', '$5', '$5', '$5', '$8', '$5', '$10', '$5', '$5', '$5', '$5', '$5', '$5', '$5', '$5', '$5', '$5', '$5', '$5', '$5', '$5', '$5', '$5', '$5', '$10', '$10', '$5', '$5', '$5', '$5', '$5', '$5', '$5', '$7', '$10', '$5', '$10', '$5', '$5', '$7', '$5', '$5', '$5', '$5', '$5', '$5', '$5', '$5', '$5', '$5', '$5', '$5', '$5', '$5', '$5', '$8', '$5']",100,7,"[7, 79, 4, 9]",28
TU_1_2_2_1,2.0,gpt-3.5-turbo,5,10,friend,"['$5', '[__Kick', '$10', '$5', '$5', '$8', '$6', '$5', '$5', 'Any answer', '$5', '$10', '$5', '$7', 'Price:', '$5', 'Price:', '$5', '$7', '15', '$5', '$5', '$5', 'n_people', '$5', '#\n.i', '$5', '$8', 'Separate', '$5', '$6', '$5', '$5', '$5', '10.DESC', '$5', '$5', '$8', '$5', '$5', '$5', '10.', '$7', 'Let Luca', '$5', '$5', '$5', '$5', '$8', '$5', '$5', '$5', '$5', '$5', '$5', '$5', '$0', 'I would', '$7', '$10', '$5', 'I would', '$SEE', '$5', '$5', '$ Outlook', '$5', '$5', '$5', '$5', '$5', '$10', '$5', '$5', '$5', '$5', '$5', 'Ibus', '$5', 'Sorry,', '$5', '$_queryset', '$5', '20igDecimal', '$5', '$5', '$10', '$5', '$0', '#6', '$6', 'P111', 'I will', '$5', '$5', '$10', '$5', '$5', 'Marketing', '$5']",77,7,"[7, 79, 4, 9]",28
TU_2_2_2_1,0.01,gpt-4-1106-preview,5,10,friend,"['$5', '$5', '$5', '$5', '$5', '$5', '$5', '$5', '$5', '$5', '$5', '$5', '$5', '$5', '$5', '$5', '$5', '$5', '$5', '$5', '$5', '$5', '$5', '$5', '$5', '$5', '$5', '$5', '$5', '$5', '$5', '$5', '$5', '$5', '$5', '$5', '$5', '$5', '$5', '$5', '$5', '$5', '$5', '$5', '$5', '$5', '$5', '$5', '$5', '$5']",50,7,"[7, 79, 4, 9]",28
TU_2_2_2_1,0.5,gpt-4-1106-preview,5,10,friend,"['$5', '$5', '$5', '$5', '$5', '$5', '$5', '$5', '$5', '$5', '$5', '$5', '$5', '$5', '$5', '$5', '$5', '$5', '$5', '$5', '$5', '$5', '$5', '$5', '$5', '$5', '$5', '$5', '$5', '$5', '$5', '$5', '$5', '$5', '$5', '$5', '$5', '$5', '$5', '$5', '$5', '$5', '$5', '$5', '$5', '$5', '$5', '$5', '$5', '$5']",50,7,"[7, 79, 4, 9]",28
TU_2_2_2_1,1.0,gpt-4-1106-preview,5,10,friend,"['$5', '$5', '$5', '$5', '$5', '$5', '$5', '$5', '$5', '$5', '$5', '$5', '$5', '$5', '$5', '$5', '$5', '$5', '$5', '$5', '$5', '$5', '$5', '$5', '$5', '$5', '$5', '$5', '$5', '$5', '$5', '$5', '$5', '$5', '$5', '$5', '$5', '$5', '$5', '$5', '$5', '$5', '$5', '$5', '$5', '$5', '$5', '$5', '$5', '$5']",50,7,"[7, 79, 4, 9]",28
TU_2_2_2_1,1.5,gpt-4-1106-preview,5,10,friend,"['$5', '$5', '$5', '$5', '$5', '$5', '$5', '$5', '$5', '$5', '$5', '$5', '$5', '$5', '$5', '$5', '$5', '$5', '$5', '$5', '$5', '$5', '$5', '$5', '$5', '$5', '$5', '$5', '$5', '$5', '$5', '$5', '$5', '$5', '$5', '$5', '$5', '$5', '$5', '$5', '$5', '$5', '$5', '$5', '$5', '$5', '$5', '$5', '$5', '$5']",50,7,"[7, 79, 4, 9]",28
TU_2_2_2_1,2.0,gpt-4-1106-preview,5,10,friend,"['$5', '$5', '$5', '$5', '$5', '$5', '$5', '$5', '$5', '$5', '$5', '$5', '$5', '$5', '$5', '$5', '$5', '$5', '$5', '$5', '$5', '$5', '$5', '$5', '$5', '$5', '$5', '$5', '$5', '$5', '$5', '$0', '$5', '$5', '$5', '$5', '$5', '$5', '$5', '$5', '$5', '$5', '$5', '$5', '$5', '$5', '$5', '$5', '$5', '$5']",50,7,"[7, 79, 4, 9]",28
TU_3_2_2_1,0.01,llama-2-70b,5,10,friend,"['$15', '$15', '$15', '$15', '$15', '$15', '$15', '$15', '$15', '$15', '$15', '$15', '$15', '$15', '$15', '$15', '$15', '$15', '$15', '$15', '$15', '$15', '$15', '$15', '$15', '$15', '$15', '$15', '$15', '$15', '$15', '$15', '$15', '$15', '$15', '$15', '$15', '$15', '$15', '$15', '$15', '$15', '$15', '$15', '$15', '$15', '$15', '$15', '$15', '$15']",50,7,"[7, 79, 4, 9]",28
TU_3_2_2_1,0.5,llama-2-70b,5,10,friend,"['$15', '$15', '$15', '$15', '$15', '$15', '$15', '$15', '$15', '$15', '$15', '$15', '$15', '$15', '$15', '$15', '$15', '$15', '$15', '$15', '$15', '$15', '$15', '$15', '$15', '$15', '$15', '$15', '$15', '$15', '$15', '$15', '$15', '$15', '$15', '$15', '$15', '$15', '$15', '$15', '$15', '$15', '$15', '$15', '$15', '$15', '$15', '$15', '$15', '$15']",50,7,"[7, 79, 4, 9]",28
TU_3_2_2_1,1.0,llama-2-70b,5,10,friend,"['$15', '$15', '$15', '$15', '$15', '$15', '$15', '$15', '$15', '$15', '$15', '$15', '$15', '$15', '$15', '$15', '$15', '$15', '$15', '$15', '$15', '$15', '$15', '$15', '$15', '$15', '$15', '$15', '$15', '$15', '$15', '$15', '$15', '$15', '$15', '$15', '$15', '$15', '$15', '$15', '$15', '$15', '$15', '$15', '$15', '$15', '$15', '$15', '$15', '$15']",50,7,"[7, 79, 4, 9]",28
TU_3_2_2_1,1.5,llama-2-70b,5,10,friend,"['$15', '$15', '$15', '$15', '$15', '$15', '$15', '$15', '$15', '$15', '$15', '$15', '$15', '$15', '$15', '$15', '$15', '$15', '$15', '$15', '$15', '$15', '$15', '$15', '$15', '$15', '$15', '$15', '$15', '$15', '$15', '$15', '$15', '$15', '$15', '$15', '$15', '$15', '$15', '$15', '$15', '$15', '$15', '$15', '$15', '$15', '$15', '$15', '$15', '$15']",50,7,"[7, 79, 4, 9]",28
TU_3_2_2_1,2.0,llama-2-70b,5,10,friend,"['$15', ""Sure! I'd ask for $2"", '$15', '$15', '$15', '$15', '$$25', '$15', '$15', '$15', '$15', '$15', '$15', '$15', '$15', '$15', '$15', '$15', '$15', '$15', '$15', '$15', '$15', '$15', '$15', '$15', '$15', '$15', '$15', '$15', '$15', '$$25.00$$', '$15', '$15', '$15', '$15', '$15', '$15', '$15', '$15', '$15', '$15', '$15', '$15', '$15', '$15', '$15', '$15', '$15', '$15']",47,7,"[7, 79, 4, 9]",28
TU_1_2_2_2,0.01,gpt-3.5-turbo,5,10,stranger,"['$10', '$10', '$10', '$10', '$10', '$10', '$10', '$10', '$10', '$10', '$10', '$10', '$10', '$10', '$10', '$10', '$10', '$10', '$10', '$10', '$10', '$10', '$10', '$10', '$10', '$10', '$10', '$10', '$10', '$10', '$10', '$10', '$10', '$10', '$10', '$10', '$10', '$10', '$10', '$10', '$10', '$10', '$10', '$10', '$10', '$10', '$10', '$10', '$10', '$10', '$10', '$10', '$10', '$10', '$10', '$10', '$10', '$10', '$10', '$10', '$10', '$10', '$10', '$10', '$10', '$10', '$10', '$10', '$10', '$10', '$10', '$10', '$10', '$10', '$10', '$10', '$10', '$10', '$10', '$10', '$10', '$10', '$10', '$10', '$10', '$10', '$10', '$10', '$10', '$10', '$10', '$10', '$10', '$10', '$10', '$10', '$10', '$10', '$10', '$10']",100,8,"[0, 14, 57, 29]",28
TU_1_2_2_2,0.5,gpt-3.5-turbo,5,10,stranger,"['$10', '$10', '$10', '$10', '$10', '$10', '$10', '$10', '$10', '$10', '$10', '$10', '$10', '$10', '$10', '$10', '$10', '$10', '$10', '$10', '$10', '$10', '$10', '$10', '$10', '$10', '$10', '$10', '$10', '$10', '$10', '$10', '$10', '$10', '$10', '$10', '$10', '$10', '$10', '$10', '$10', '$10', '$10', '$10', '$10', '$10', '$10', '$10', '$10', '$10', '$10', '$10', '$10', '$10', '$10', '$10', '$10', '$10', '$10', '$10', '$10', '$10', '$10', '$10', '$10', '$10', '$10', '$10', '$10', '$10', '$10', '$10', '$10', '$10', '$10', '$10', '$10', '$10', '$10', '$10', '$10', '$10', '$10', '$10', '$10', '$10', '$10', '$10', '$10', '$10', '$10', '$10', '$10', '$10', '$10', '$10', '$10', '$10', '$10', '$10']",100,8,"[0, 14, 57, 29]",28
TU_1_2_2_2,1.0,gpt-3.5-turbo,5,10,stranger,"['$10', '$10', '$10', '$10', '$10', '$10', '$10', '$8', '$10', '$10', '$10', '$10', '$10', '$10', '$10', '$10', '$10', '$10', '$10', '$10', '$10', '$10', '$10', '$10', '$10', '$10', '$10', '$10', '$10', '$10', '$10', '$10', '$10', '$10', '$10', '$10', '$10', '$10', '$10', '$10', '$10', '$10', '$10', '$10', '$10', '$10', '$10', '$10', '$10', '$10', '$10', '$10', '$10', '$10', '$10', '$10', '$10', '$10', '$10', '$10', '$10', '$10', '$10', '$10', '$10', '$10', '$10', '$10', '$10', '$10', '$10', '$10', '$10', '$10', '$10', '$10', '$10', '$10', '$10', '$10', '$10', '$10', 'I would', '$10', '$10', '$10', '$10', '$10', '$10', '$10', '$10', '$10', '$10', '$10', '$10', '$10', '$10', '$10', '$10', '$10']",99,8,"[0, 14, 57, 29]",28
TU_1_2_2_2,1.5,gpt-3.5-turbo,5,10,stranger,"['$10', '$10', '$10', '$10', '$10', '$10', '$10', '$15', '$10', '$10', '$10', '$10', '$10', '$10', '$10', '$8', '$8', '$10', '$10', '$10', '$10', '$10', '$10', '$10', '$10', '$10', '$10', '$10', '$10', '$10', '$10', '$10', '$10', '$10', '$10', '$10', '$10', '$10', '$10', '$10', '$10', '$10', '$10', '$10', '$10', 'You ask', '$10', '$10', '$10', '$10', '$10', '$10', 'virtual:$', '$10', '$10', 'I ask', '$10', '$10', '$7', '$10', '$10', '$10', '$10', '$10', '$10', '$10', '$10', '$10', '$9', '$10', '$10', '$10', '$20', '$10', '$11', '$10', '$12', '$10', '$10', '$10', '$10', '$10', '$10', '$10', '$10', '$10', '$10', '$10', '$10', '$10', '$10', '$10', '$10', '$10', '$10', '$10', '$10', '$10', 'Price:', '$10']",96,8,"[0, 14, 57, 29]",28
TU_1_2_2_2,2.0,gpt-3.5-turbo,5,10,stranger,"['$110', 'dot hit', '$10', '$10', '$10', 'Still $', '$10', '$ deputy', '$10', '$10', '$10', 'My Sell', '$6', '$10', '$20', '$8', '$8', '$10', '$10', '$10', '$10', '$ublish', '$10', '$10', '$10', '$10', '$5', 'number:o', '$10', '$7', '$10', '$10', '$10', 'I ask', '$', '550.', '$10', '9 secular', '$20', '$10', '$10', '$10', '$10', '$11', '$6', '$ milestones', '$10', 'Friendsocl', '$15', '$10', '$10', '$9', '$10', '($/options', 'I will', '$10', '$10', 'Answer TC', '$10', '$10', '$10', '$10', '$8', '$10', 'I would', '$10', '$10', '$10', '$6', '$10', 'We can', '$10', '$10', 'Any improvement', '(bsalary', '$10', 'camel would', '$10', '$10', 'I would', 'Price asked', '$25', '$10', 'Solver.separator', 'Or deer', '$10', '$10', '$10', '$10', '$3', 'The price', '$30', '$10', '$12', '$7', '$10', '$7', '$10', '(Status Check', 'Less than']",73,8,"[0, 14, 57, 29]",28
TU_2_2_2_2,0.01,gpt-4-1106-preview,5,10,stranger,"['$10', '$10', '$10', '$10', '$10', '$10', '$10', '$10', '$10', '$10', '$10', '$10', '$10', '$10', '$10', '$10', '$10', '$10', '$10', '$10', '$10', '$10', '$10', '$10', '$10', '$10', '$10', '$10', '$10', '$10', '$10', '$10', '$10', '$10', '$10', '$10', '$10', '$10', '$10', '$10', '$10', '$10', '$10', '$10', '$10', '$10', '$10', '$10', '$10', '$10']",50,8,"[0, 14, 57, 29]",28
TU_2_2_2_2,0.5,gpt-4-1106-preview,5,10,stranger,"['$10', '$10', '$10', '$10', '$10', '$10', '$10', '$10', '$10', '$10', '$10', '$10', '$10', '$10', '$10', '$10', '$10', '$10', '$10', '$10', '$10', '$10', '$10', '$10', '$10', '$10', '$10', '$10', '$10', '$10', '$10', '$10', '$10', '$10', '$10', '$10', '$10', '$10', '$10', '$10', '$10', '$10', '$10', '$10', '$10', '$10', '$10', '$10', '$10', '$10']",50,8,"[0, 14, 57, 29]",28
TU_2_2_2_2,1.0,gpt-4-1106-preview,5,10,stranger,"['$10', '$10', '$10', '$10', '$10', '$10', '$10', '$10', '$10', '$10', '$10', '$10', '$10', '$10', '$10', '$10', '$10', '$10', '$10', '$10', '$10', '$10', '$10', '$10', '$10', '$10', '$10', '$10', '$10', '$10', '$10', '$10', '$10', '$10', '$10', '$10', '$10', '$10', '$10', '$10', '$10', '$10', '$10', '$10', '$10', '$10', '$10', '$10', '$10', '$10']",50,8,"[0, 14, 57, 29]",28
TU_2_2_2_2,1.5,gpt-4-1106-preview,5,10,stranger,"['$10', '$10', '$10', '$10', '$10', '$10', '$10', '$10', '$10', '$10', '$10', '$10', '$10', '$10', '$10', '$10', '$10', '$10', '$10', '$10', '$10', '$10', '$10', '$10', '$10', '$10', '$10', '$10', '$10', '$10', '$10', '$10', '$10', '$10', '$10', '$10', '$10', '$10', '$10', '$10', '$10', '$10', '$10', '$10', '$10', '$10', '$10', '$10', '$10', '$10']",50,8,"[0, 14, 57, 29]",28
TU_2_2_2_2,2.0,gpt-4-1106-preview,5,10,stranger,"['$10', '$10', '$10', '$10', '$10', '$10', '$10', '$10', '$10', '$10', '$10', '$10', '$10', '$10', '$10', '$10', '$10', '$10', '$10', '$10', '$10', '$10', '$10', '$10', '$10', '$10', '$10', '$10', '$10', '$10', '$10', '$10', '$10', '$10', '$10', '$10', '$10', '$10', '$10', '$10', '$10', '$10', '$10', '$10', '$10', '$10', '$10', '$10', '$10', '$10']",50,8,"[0, 14, 57, 29]",28
TU_3_2_2_2,0.01,llama-2-70b,5,10,stranger,"['$15', '$15', '$15', '$15', '$15', '$15', '$15', '$15', '$15', '$15', '$15', '$15', '$15', '$15', '$15', '$15', '$15', '$15', '$15', '$15', '$15', '$15', '$15', '$15', '$15', '$15', '$15', '$15', '$15', '$15', '$15', '$15', '$15', '$15', '$15', '$15', '$15', '$15', '$15', '$15', '$15', '$15', '$15', '$15', '$15', '$15', '$15', '$15', '$15', '$15']",50,8,"[0, 14, 57, 29]",28
TU_3_2_2_2,0.5,llama-2-70b,5,10,stranger,"['$15', '$15', '$15', '$15', '$15', '$15', '$15', '$15', '$15', '$15', '$15', '$15', '$15', '$15', '$15', '$15', '$15', '$15', '$15', '$15', '$15', '$15', '$15', '$15', '$15', '$15', '$15', '$15', '$15', '$15', '$15', '$15', '$15', '$15', '$15', '$15', '$15', '$15', '$15', '$15', '$15', '$15', '$15', '$15', '$15', '$15', '$15', '$15', '$15', '$15']",50,8,"[0, 14, 57, 29]",28
TU_3_2_2_2,1.0,llama-2-70b,5,10,stranger,"['$15', '$15', '$15', '$15', '$15', '$15', '$15', '$15', '$15', '$15', '$15', '$15', '$15', '$15', '$15', '$15', '$15', '$15', '$15', '$15', '$15', '$15', '$15', '$15', '$15', '$15', '$15', '$15', '$15', '$15', '$15', '$15', '$15', '$15', '$15', '$15', '$15', '$15', '$15', '$15', '$15', '$15', '$15', '$15', '$15', '$15', '$15', '$15', '$15', '$15']",50,8,"[0, 14, 57, 29]",28
TU_3_2_2_2,1.5,llama-2-70b,5,10,stranger,"['$15', '$15', '$15', '$15', '$15', '$15', '$15', '$15', '$15', '$15', '$15', '$15', '$15', '$15', '$15', '$15', '$15', '$15', '$15', '$15', '$15', '$15', '$15', '$15', '$15', '$15', '$15', '$15', '$15', '$15', '$15', '$15', '$15', '$15', '$15', '$15', '$15', '$15', '$15', '$15', '$15', '$15', '$15', '$15', '$15', '$15', '$15', '$15', '$15', '$15']",50,8,"[0, 14, 57, 29]",28
TU_3_2_2_2,2.0,llama-2-70b,5,10,stranger,"['$15', '$15', '$15', '$$15', '$15', '$15', '$15', '$15', '$15', '$15', '$15', '$15', '$15', '$15', '$15', '$15', '$15', '$15', '$15', '$15', '$15', '$15', '$15', 'I would ask for $20.', '$15', '$15', '$15', '$15', '$15', '$15', '$15', '$15', '$15', '$15', '$15', '$15', '$15', '$15', '$15', '""$20""', 'I would ask for $20.', '$15', '$15', '$15', '$15', '$15', '$15', '$15', '$15', '$15']",46,8,"[0, 14, 57, 29]",28
TU_1_3_1_1,0.01,gpt-3.5-turbo,10,5,friend,"['$5', '$5', '$5', '$5', '$5', '$5', '$5', '$5', '$5', '$5', '$5', '$5', '$5', '$5', '$5', '$5', '$5', '$5', '$5', '$5', '$5', '$5', '$5', '$5', '$5', '$5', '$5', '$5', '$5', '$5', '$5', '$5', '$5', '$5', '$5', '$5', '$5', '$5', '$5', '$5', '$5', '$5', '$5', '$5', '$5', '$5', '$5', '$5', '$5', '$5', '$5', '$5', '$5', '$5', '$5', '$5', '$5', '$5', '$5', '$5', '$5', '$5', '$5', '$5', '$5', '$5', '$5', '$5', '$5', '$5', '$5', '$5', '$5', '$5', '$5', '$5', '$5', '$5', '$5', '$5', '$5', '$5', '$5', '$5', '$5', '$5', '$5', '$5', '$5', '$5', '$5', '$5', '$5', '$5', '$5', '$5', '$5', '$5', '$5', '$5']",100,9,"[0, 69, 23, 8]",26
TU_1_3_1_1,0.5,gpt-3.5-turbo,10,5,friend,"['$5', '$5', '$5', '$5', '$5', '$5', '$5', '$5', '$5', '$5', '$5', '$5', '$5', '$5', '$5', '$5', '$5', '$5', '$5', '$5', '$5', '$5', '$5', '$5', '$5', '$5', '$5', '$5', '$5', '$5', '$5', '$5', '$5', '$5', '$5', '$5', '$5', '$5', '$5', '$5', '$5', '$5', '$5', '$5', '$5', '$5', '$5', '$5', '$5', '$5', '$5', '$5', '$5', '$5', '$5', '$5', '$5', '$5', '$5', '$5', '$5', '$5', '$5', '$5', '$5', '$5', '$5', '$5', '$5', '$5', '$5', '$5', '$5', '$5', '$5', '$5', '$5', '$5', '$5', '$5', '$5', '$5', '$5', '$5', '$5', '$5', '$5', '$5', '$5', '$5', '$5', '$5', '$5', '$5', '$5', '$5', '$5', '$5', '$5', '$5']",100,9,"[0, 69, 23, 8]",26
TU_1_3_1_1,1.0,gpt-3.5-turbo,10,5,friend,"['$5', '$5', '$5', '$5', '$5', '$5', '$10', '$5', '$5', '$5', '$5', '$5', '$5', '$5', '$10', '$5', '$5', '$5', '$5', '$5', '$5', '$5', '$5', '$5', '$5', '$5', '$5', '$5', '$5', '$5', '$5', '$5', '$5', '$5', '$5', '$5', '$5', '$5', '$5', '$5', '$5', '$5', '$5', '$5', '$5', '$5', '$5', '$5', '$5', '$5', '$5', '$5', '$5', '$5', '$5', '$5', '$5', '$5', '$5', '$5', '$5', '$5', '$10', '$5', '$5', '$5', '$5', '$5', '$5', '$5', '$5', '$5', '$5', '$5', '$5', '$5', '$5', '$10', '$5', '$5', '$10', '$10', '$5', '$5', '$5', '$5', '$5', '$5', '$5', '$5', '$5', '$5', '$5', '$10', '$5', '$5', '$5', '$5', '$5', '$5']",100,9,"[0, 69, 23, 8]",26
TU_1_3_1_1,1.5,gpt-3.5-turbo,10,5,friend,"['$5', '$5', '$5', '$5', '$10', '$5', '$5', '$5', '$5', '$5', '$10', '$10', '$5', '$5', '$5', '$5', '$\n\n(note', '$5', '$5', '$5', '$5', '$5', '$5', '$5', '$10', '$10', '$5', '$5', '$5', '$10', '$5', '$5', '$5', '$5', '$8', '$0', '$5', '$5', '$5', '$10', '$5', '$10', '$5', '$5', '$5', '$5', '$8', '$5', '$5', '$5', '$5', '$5', '$5', '$5', '$5', '$5', '$10', '$5', '$10', '$5', '$5', '$5', '$10', '$10', '$5', '$5', '$5', '$10', '$10', '$8', '$5', '$5', '$5', '$5', '$10', '$5', '$5', '$10', '$5', '$10', '$5', '$5', '$10', '$10', '$5', '$5', '$5', '$10', '$5', '$10', '$5', '$10', '$8', '$10', '$5', '$10', '$5', '$5', '$5', '$5']",99,9,"[0, 69, 23, 8]",26
TU_1_3_1_1,2.0,gpt-3.5-turbo,10,5,friend,"['$5', '$70', '$5', '$5', '$5', 'None,', '$10', '$5', '$10', '$5', '$10', '$5', '$5', 'Antword', '$5', '$5', '$5', '$5', '=\n\n72', '$16', 'athanaim', 'I would', '$10', '$5', '$5', '$5', ""FirstResponder's"", '$5', '$5', '$5', 'Giveaway', '$10', '$5', '$17', '$5', '$5', '$5', '$5', '$ TOD', 'eg0', '$と', '$10', '$5', '$10', '$5', '$5', '$5', '$5', '$10', '$5', '$5', '$5', '$10', '$5', 'Seih', '$5', '$10', '$5', '$5', '$fe', '$5', '$5', '$5', '$10', '$1', '$10', '$ouble', '$\\$', 'I pay', 'η_freq', '$5', '1200', '$5', '$5', '10.', '$5', '$10', '$5', '$5', '$5', 'No information', '$5', '$5', '$10', '$10', '$5', '$5', '$5', '$5', '$5', '$5', '$10', '$5', '$5', '$\\text', '$8', '*Please', '$5', '$5', '$5']",79,9,"[0, 69, 23, 8]",26
TU_2_3_1_1,0.01,gpt-4-1106-preview,10,5,friend,"['$5', '$5', '$5', '$5', '$5', '$5', '$5', '$5', '$5', '$5', '$10', '$5', '$5', '$5', '$5', '$5', '$5', '$5', '$5', '$5', '$10', '$5', '$5', '$5', '$5', '$5', '$5', '$5', '$5', '$5', '$5', '$5', '$5', '$5', '$5', '$5', '$5', '$5', '$5', '$5', '$5', '$5', '$5', '$5', '$5', '$5', '$5', '$5', '$5', '$5']",50,9,"[0, 69, 23, 8]",26
TU_2_3_1_1,0.5,gpt-4-1106-preview,10,5,friend,"['$5', '$5', '$5', '$5', '$10', '$10', '$5', '$5', '$10', '$5', '$10', '$5', '$5', '$5', '$5', '$5', '$5', '$5', '$5', '$10', '$5', '$5', '$5', '$5', '$10', '$10', '$5', '$5', '$5', '$5', '$5', '$10', '$10', '$5', '$5', '$5', '$5', '$5', '$10', '$5', '$5', '$10', '$5', '$5', '$5', '$10', '$5', '$5', '$5', '$10']",50,9,"[0, 69, 23, 8]",26
TU_2_3_1_1,1.0,gpt-4-1106-preview,10,5,friend,"['$5', '$5', '$10', '$5', '$5', '$5', '$10', '$5', '$5', '$10', '$10', '$5', '$10', '$5', '$5', '$10', '$10', '$5', '$5', '$5', '$10', '$5', '$5', '$10', '$5', '$5', '$5', '$5', '$5', '$5', '$5', '$5', '$5', '$5', '$5', '$5', '$10', '$5', '$5', '$5', '$10', '$0', '$5', '$5', '$10', '$5', '$5', '$10', '$0', '$5']",50,9,"[0, 69, 23, 8]",26
TU_2_3_1_1,1.5,gpt-4-1106-preview,10,5,friend,"['$10', '$10', '$10', '$5', '$5', '$10', '$0', '$5', '$10', '$5', '$5', '$5', '$5', '$10', '$0', '$10', '$5', '$5', '$5', '$10', '$5', '$10', '$5', '$5', '$10', '$10', '$5', '$5', '$10', '$5', '$10', '$10', '$5', '$0', '$5', '$10', '$0', '$10', '$10', '$5', '$5', '$5', '$10', '$0', '$10', '$10', '$5', '$10', '$10', '$5']",50,9,"[0, 69, 23, 8]",26
TU_2_3_1_1,2.0,gpt-4-1106-preview,10,5,friend,"['$10', '$5', '$5', '$5', '$5', '$10', '$5', '$10', '$5', '$0', '$5', '$5', '$10', '$10', '$10', '$5', '$5', '$5', '$5', '$10', '$5', '$10', '$10', '$0', '$0', '$5', '$10', '$5', '$5', '$10', '$10', '$5', '$5', '$10', '$0', '$10', '$5', '$5', '$5', '$10', '$5', '$5', '$5', '$5', '$0', '$5', '$5', '$10', '$5', '$5']",50,9,"[0, 69, 23, 8]",26
TU_3_3_1_1,0.01,llama-2-70b,10,5,friend,"['$10', '$10', '$10', '$10', '$10', '$10', '$10', '$10', '$10', '$10', '$10', '$10', '$10', '$10', '$10', '$10', '$10', '$10', '$10', '$10', '$10', '$10', '$10', '$10', '$10', '$10', '$10', '$10', '$10', '$10', '$10', '$10', '$10', '$10', '$10', '$10', '$10', '$10', '$10', '$10', '$10', '$10', '$10', '$10', '$10', '$10', '$10', '$10', '$10', '$10']",50,9,"[0, 69, 23, 8]",26
TU_3_3_1_1,0.5,llama-2-70b,10,5,friend,"['$10', '$10', '$10', '$10', '$10', '$10', '$10', '$10', '$10', '$10', '$10', '$10', '$10', '$10', '$10', '$10', '$10', '$10', '$10', '$10', '$10', '$10', '$10', '$10', '$10', '$10', '$10', '$10', '$10', '$10', '$10', '$10', '$10', '$10', '$10', '$10', '$10', '$10', '$10', '$10', '$10', '$10', '$10', '$10', '$10', '$10', '$10', '$10', '$10', '$10']",50,9,"[0, 69, 23, 8]",26
TU_3_3_1_1,1.0,llama-2-70b,10,5,friend,"['$10', '$10', '$10', '$10', '$10', '$10', '$10', '$10', '$10', '$10', '$10', '$10', '$10', '$10', '$10', '$10', '$10', '$10', '$10', '$10', '$10', '$10', '$10', '$10', '$10', '$10', '$10', '$10', '$10', '$10', '$10', '$10', '$10', '$10', '$10', '$10', '$10', '$10', '$10', '$10', '$10', '$10', '$10', '$10', '$10', '$10', '$10', '$10', '$10', '$10']",50,9,"[0, 69, 23, 8]",26
TU_3_3_1_1,1.5,llama-2-70b,10,5,friend,"['$10', '$10', '$10', '$10', '$10', '$10', '$10', '$10', '$10', '$10', '$10', '$10', '$10', '$10', '$10', '$10', '$10', '$10', '$10', '$10', '$10', '$10', '$10', '$10', '$10', '$10', '$10', '$10', '$10', '$10', '$10', '$10', '$10', '$10', '$10', '$10', '$10', '$10', '$10', '$10', '$10', '$10', '$10', '$10', '$10', '$10', '$10', '$10', '$10', '$10']",50,9,"[0, 69, 23, 8]",26
TU_3_3_1_1,2.0,llama-2-70b,10,5,friend,"['I would ask for $15.', '$10', '$10', '$10', '$10', '$10', '$10', '$10', '$10', '$10', '$$25', '""$10""', '$10', '$10', '$10', '$10', '$10', '$10', '$10', '$10', '$10', '$10', '$10', '$10', '$10', ""Sure! Here's a response that meets"", '$10', '$10', ""Sure! I'd charge my friend $"", '$10', '$10', '$10', '$10', '$10', '$10', '$10', ""Sure! Here's my answer:"", '$10', '$10', '$10', '$$15.00\n\nThe', '$10', '$10', '$10', '$10', '$10', '$10', '$10', '$10', '$10']",43,9,"[0, 69, 23, 8]",26
TU_1_3_1_2,0.01,gpt-3.5-turbo,10,5,stranger,"['$10', '$10', '$10', '$10', '$10', '$10', '$10', '$10', '$10', '$10', '$10', '$10', '$10', '$10', '$10', '$10', '$10', '$10', '$10', '$10', '$10', '$10', '$10', '$10', '$10', '$10', '$10', '$10', '$10', '$10', '$10', '$10', '$10', '$10', '$10', '$10', '$10', '$10', '$10', '$10', '$10', '$10', '$10', '$10', '$10', '$10', '$10', '$10', '$10', '$10', '$10', '$10', '$10', '$10', '$10', '$10', '$10', '$10', '$10', '$10', '$10', '$10', '$10', '$10', '$10', '$10', '$10', '$10', '$10', '$10', '$10', '$10', '$10', '$10', '$10', '$10', '$10', '$10', '$10', '$10', '$10', '$10', '$10', '$10', '$10', '$10', '$10', '$10', '$10', '$10', '$10', '$10', '$10', '$10', '$10', '$10', '$10', '$10', '$10', '$10']",100,10,"[0, 42, 46, 12]",26
TU_1_3_1_2,0.5,gpt-3.5-turbo,10,5,stranger,"['$10', '$10', '$10', '$10', '$10', '$10', '$10', '$10', '$10', '$10', '$10', '$10', '$10', '$10', '$10', '$10', '$10', '$10', '$10', '$10', '$10', '$10', '$10', '$10', '$10', '$10', '$10', '$10', '$10', '$10', '$10', '$10', '$10', '$10', '$10', '$10', '$10', '$10', '$10', '$10', '$10', '$10', '$10', '$5', '$10', '$10', '$10', '$10', '$10', '$10', '$10', '$10', '$10', '$10', '$10', '$10', '$10', '$10', '$10', '$10', '$10', '$10', '$10', '$10', '$10', '$10', '$10', '$10', '$10', '$10', '$10', '$10', '$10', '$10', '$10', '$10', '$10', '$10', '$10', '$10', '$10', '$10', '$10', '$10', '$10', '$10', '$10', '$10', '$10', '$10', '$10', '$10', '$10', '$10', '$10', '$10', '$10', '$10', '$10', '$10']",100,10,"[0, 42, 46, 12]",26
TU_1_3_1_2,1.0,gpt-3.5-turbo,10,5,stranger,"['$15', '$10', '$10', '$10', '$10', '$7', '$10', '$10', '$10', '$10', '$10', '$10', '$10', '$10', '$10', '$10', '$10', '$10', '$10', '$10', '$10', '$10', '$10', '$10', '$10', '$10', '$10', '$10', '$10', '$10', '$10', '$5', '$10', '$10', '$10', '$10', '$10', '$10', '$10', '$10', '$10', '$10', '$10', '$10', '$10', '$10', '$10', '$10', '$10', '$10', '$10', '$10', '$10', '$10', '$10', '$10', '$10', '$10', '$10', '$10', '$10', '$10', '$10', '$10', '$10', '$10', '$10', '$15', '$10', '$10', '$5', '$10', '$10', '$10', '$10', '$10', '$10', '$10', '$10', '$10', '$10', '$10', '$10', '$5', '$10', '$10', '$10', '$10', '$5', '$10', '$10', '$10', '$10', '$10', '$10', '$10', '$10', '$10', '$10', '$10']",100,10,"[0, 42, 46, 12]",26
TU_1_3_1_2,1.5,gpt-3.5-turbo,10,5,stranger,"['$5', '$10', '$10', '$13', '$10', '$10', '$10', '$10', '$10', '$10', '$5', '$10', '$10', '$10', '$10', '$10', '$10', '$15', '$5', '$5', '$10', '$10', '$10', '$10', '$7', '$10', '$10', '$10', '$10', '$8', '$5', 'I would', '$10', '$5', '$15', '$10', '$10', '$10', '$10', '$10', '$10', '$10', '$5', '$6', '$10', '$10', '$10', '$15', 'I would', '$10', '$10', '$10', '$10', '$12', '$10', '$10', '$10', '$10', '$10', '$10', '$10', '$10', '$10', '10.', '$10', '$10', '$10', '$10', '$10', '$10', '$10', '$20', '$10', '$10', '$20', '$10', '$10', '$10', '$20', '$\n10', '$10', '$10', '$10', '$5', '$10', '$5', '$10', '$10', '$10', '$10', '$5', '$10', '$10', '$20', '$10', '$5', '$10', '$5', '$5', '$10']",96,10,"[0, 42, 46, 12]",26
TU_1_3_1_2,2.0,gpt-3.5-turbo,10,5,stranger,"['Your asking', '$av', '$5', '$5', '10.', '$7', '$15', '$10', '$10', ""$']=$"", '$10', '$8', '$5', '$8', 'Fraz', '$¬', '$10', '$800', '$7', '$10', 'ACE Score', '$9', '$10', '$6', '$.Room', '$10', '$10', 'Whatever it', '$7', 'Decade', '$10', '$7', '(right\\xa', '$10', '$10', '$15', '$5', 'DK60', '$10', '$10', '$90', '$15', '$5', '$5', '$10', '$6', '7.', '$592', '$10', '$a downloads', '$10', '$5', '$Low', '$5', '$10', 'Answer:', '$10', '$10', '$10', '$18', '$10', '$5', '$5', 'In this', '$12', '$7', '$15', 'Think and', '$5', '$19', '$95', 'Cost Pou', 'Answered', '$10', 'Universalanguage', '$10', '$10', 'Question had', '$10', '10', '$40', '$5', '$8', '$10', '$10', '$5', '$15', 'version430', '$10', '$20', 'The single', '$15', '$10', '$5', '$10', '$10', '$12', '$10', '$5', '$10']",75,10,"[0, 42, 46, 12]",26
TU_2_3_1_2,0.01,gpt-4-1106-preview,10,5,stranger,"['$10', '$10', '$10', '$10', '$10', '$10', '$10', '$10', '$10', '$10', '$10', '$10', '$10', '$10', '$10', '$10', '$10', '$10', '$10', '$10', '$10', '$10', '$10', '$10', '$10', '$10', '$10', '$10', '$10', '$10', '$10', '$10', '$10', '$10', '$10', '$10', '$10', '$10', '$10', '$10', '$10', '$10', '$10', '$10', '$10', '$10', '$10', '$10', '$10', '$10']",50,10,"[0, 42, 46, 12]",26
TU_2_3_1_2,0.5,gpt-4-1106-preview,10,5,stranger,"['$10', '$10', '$10', '$10', '$10', '$10', '$10', '$10', '$10', '$10', '$10', '$10', '$10', '$10', '$10', '$10', '$10', '$10', '$10', '$10', '$10', '$10', '$10', '$10', '$10', '$10', '$10', '$10', '$10', '$10', '$10', '$10', '$10', '$10', '$10', '$10', '$10', '$10', '$10', '$10', '$10', '$10', '$10', '$10', '$10', '$10', '$10', '$10', '$10', '$10']",50,10,"[0, 42, 46, 12]",26
TU_2_3_1_2,1.0,gpt-4-1106-preview,10,5,stranger,"['$10', '$10', '$10', '$10', '$10', '$10', '$5', '$10', '$10', '$10', '$10', '$10', '$10', '$5', '$10', '$10', '$10', '$10', '$10', '$10', '$10', '$10', '$10', '$10', '$10', '$10', '$10', '$10', '$10', '$10', '$10', '$5', '$10', '$5', '$10', '$10', '$10', '$10', '$10', '$10', '$10', '$10', '$10', '$5', '$10', '$10', '$10', '$10', '$10', '$10']",50,10,"[0, 42, 46, 12]",26
TU_2_3_1_2,1.5,gpt-4-1106-preview,10,5,stranger,"['$10', '$10', '$10', '$10', '$5', '$10', '$10', '$10', '$10', '$10', '$10', '$10', '$10', '$10', '$10', '$10', '$5', '$10', '$10', '$10', '$10', '$5', '$10', '$10', '$10', '$10', '$10', '$10', '$10', '$5', '$10', '$10', '$10', '$10', '$10', '$5', '$10', '$10', '$10', '$5', '$10', '$10', '$5', '$5', '$10', '$10', '$10', '$10', '$10', '$10']",50,10,"[0, 42, 46, 12]",26
TU_2_3_1_2,2.0,gpt-4-1106-preview,10,5,stranger,"['$5', '$10', '$10', '$10', '$10', '$10', '$10', '$10', '$10', '$5', '$10', '$10', '$10', '$10', '$10', '$10', '$10', '$10', '$10', '$10', '$10', '$10', '$10', '$10', '$10', '$10', '$10', '$10', '$5', '$10', '$10', '$10', '$10', '$10', '$10', '$10', '$10', '$5', '$10', '$10', '$10', '$10', '$10', '$5', '$10', '$5', '$10', '$10', '$5', '$10']",50,10,"[0, 42, 46, 12]",26
TU_3_3_1_2,0.01,llama-2-70b,10,5,stranger,"['$15', '$15', '$15', '$15', '$15', '$15', '$15', '$15', '$15', '$15', '$15', '$15', '$15', '$15', '$15', '$15', '$15', '$15', '$15', '$15', '$15', '$15', '$15', '$15', '$15', '$15', '$15', '$15', '$15', '$15', '$15', '$15', '$15', '$15', '$15', '$15', '$15', '$15', '$15', '$15', '$15', '$15', '$15', '$15', '$15', '$15', '$15', '$15', '$15', '$15']",50,10,"[0, 42, 46, 12]",26
TU_3_3_1_2,0.5,llama-2-70b,10,5,stranger,"['$15', '$15', '$15', '$15', '$15', '$15', '$15', '$15', '$15', '$15', '$15', '$15', '$15', '$15', '$15', '$15', '$15', '$15', '$15', '$15', '$15', '$15', '$15', '$15', '$15', '$15', '$15', '$15', '$15', '$15', '$15', '$15', '$15', '$15', '$15', '$15', '$15', '$15', '$15', '$15', '$15', '$15', '$15', '$15', '$15', '$15', '$15', '$15', '$15', '$15']",50,10,"[0, 42, 46, 12]",26
TU_3_3_1_2,1.0,llama-2-70b,10,5,stranger,"['$15', '$15', '$15', '$15', '$15', '$15', '$15', '$15', '$15', '$15', '$15', '$15', '$15', '$15', '$15', '$15', '$15', '$15', '$15', '$15', '$15', '$15', '$15', '$15', '$15', '$15', '$15', '$15', '$15', '$15', '$15', '$15', '$15', '$15', '$15', '$15', '$15', '$15', '$15', '$15', '$15', '$15', '$15', '$15', '$15', '$15', '$15', '$15', '$15', '$15']",50,10,"[0, 42, 46, 12]",26
TU_3_3_1_2,1.5,llama-2-70b,10,5,stranger,"['$15', '$15', '$15', '$15', '$15', '$15', '$15', '$15', '$15', '$15', '$15', '$15', '$15', '$15', '$15', '$15', '$15', '$15', '$15', '$15', '$15', '$15', '$15', '$15', '$15', '$15', '$15', '$15', '$15', '$15', '$15', '$15', '$15', '$15', '$15', '$15', '$15', '$15', '$15', '$15', '$15', '$15', '$15', '$15', '$15', '$15', '$15', '$15', '$15', '$15']",50,10,"[0, 42, 46, 12]",26
TU_3_3_1_2,2.0,llama-2-70b,10,5,stranger,"[""Sure! Here's the answer to the"", '$$10.00$$', '$15', '$15', '$15', '$15', '$15', '$15', '$15', '$15', 'I would ask for $15.', '$15', '$15', '$15', '$15', 'I would ask for $15.', '$15', 'I would ask for $15.', '$15', '$15', 'I would ask for $15.', '$15', '$15', '$15', '$15', 'I would ask for $15.', '$15', '$15', '$15', 'I would ask for $15.', '$15', '""$10""', '$15', '""$10""', '$15', '$15', '$15', '$15', '$15', '$15', '$15', '$15', '$15', '$15', '$15', '$15', '$15', '$15', '$15', '$15']",40,10,"[0, 42, 46, 12]",26
TU_1_3_2_1,0.01,gpt-3.5-turbo,10,10,friend,"['$5', '$5', '$5', '$5', '$5', '$5', '$5', '$5', '$5', '$5', '$5', '$5', '$5', '$5', '$5', '$5', '$5', '$5', '$5', '$5', '$5', '$5', '$5', '$5', '$5', '$5', '$5', '$5', '$5', '$5', '$5', '$5', '$5', '$5', '$5', '$5', '$5', '$5', '$5', '$5', '$5', '$5', '$5', '$5', '$5', '$5', '$5', '$5', '$5', '$5', '$5', '$5', '$5', '$5', '$5', '$5', '$5', '$5', '$5', '$5', '$5', '$5', '$5', '$5', '$5', '$5', '$5', '$5', '$5', '$5', '$5', '$5', '$5', '$5', '$5', '$5', '$5', '$5', '$5', '$5', '$5', '$5', '$5', '$5', '$5', '$5', '$5', '$5', '$5', '$5', '$5', '$5', '$5', '$5', '$5', '$5', '$5', '$5', '$5', '$5']",100,11,"[0, 15, 69, 15]",26
TU_1_3_2_1,0.5,gpt-3.5-turbo,10,10,friend,"['$5', '$5', '$5', '$5', '$5', '$5', '$5', '$5', '$5', '$10', '$5', '$10', '$5', '$5', '$5', '$5', '$10', '$5', '$5', '$5', '$5', '$5', '$5', '$5', '$5', '$10', '$5', '$5', '$5', '$5', '$5', '$5', '$5', '$5', '$5', '$5', '$5', '$5', '$5', '$5', '$5', '$10', '$5', '$5', '$10', '$10', '$5', '$5', '$5', '$5', '$5', '$5', '$10', '$10', '$5', '$5', '$10', '$5', '$5', '$5', '$5', '$10', '$5', '$5', '$5', '$10', '$5', '$5', '$5', '$10', '$5', '$5', '$5', '$5', '$5', '$5', '$5', '$5', '$5', '$5', '$5', '$5', '$10', '$5', '$10', '$5', '$5', '$5', '$5', '$5', '$5', '$10', '$5', '$10', '$5', '$5', '$5', '$5', '$5', '$5']",100,11,"[0, 15, 69, 15]",26
TU_1_3_2_1,1.0,gpt-3.5-turbo,10,10,friend,"['$5', '$10', '$10', '$5', '$10', '$10', '$10', '$5', '$10', '$10', '$5', '$5', '$5', '$5', '$5', '$10', '$10', '$5', '$5', '$10', '$5', '$10', '$5', '$10', '$10', '$10', '$10', '$5', '$10', '$5', '$10', '$10', '$5', '$5', '$5', '$5', '$10', '$5', '$5', '$10', '$5', '$5', '$5', '$10', '$5', '$10', '$5', '$5', '$5', '$10', '$5', '$10', '$5', '$5', '$5', '$10', '$10', '$10', '$10', '$5', '$5', '$5', '$5', '$5', '$10', '$5', '$5', '$5', '$10', '$10', '$10', '$5', '$5', '$5', '$5', '$5', '$10', '$10', '$5', '$10', '$5', '$5', '$5', '$5', '$5', '$5', '$10', '$5', '$10', '$5', '$5', '$5', '$5', '$5', '$10', '$5', '$5', '$10', '$5', '$10']",100,11,"[0, 15, 69, 15]",26
TU_1_3_2_1,1.5,gpt-3.5-turbo,10,10,friend,"['$5', '$5', '$5', '$10', '$5', '$10', '$10', '$5', 'give the', '$5', '$5', '$5', '$10', '$5', '$5', '$5', '$5', '$5', '$5', '$10', '$5', '$10', '$5', '$5', '$10', '$5', '$5', '$10', '$5', 'I would', '$7', '$5', '$5', '$5', '$5', '$5', '$5', '$5', '$5', '$10', '$10', '$10', '$10', '$5', '$5', '$10', '$10', '$5', '$10', '$10', '$5', '$10', '$10', '$5', '$5', '$5', '$5', '$10', '$10', '$5', 'Request $', '$10', '$5', '$5', '$5', '$10', '$10', '$10', '$5', '$5', '$5', '$10', '$10', '$5', '$5', '$5', '$5', ""I'd"", '+$10', '$10', '$5', '$5', '$5', '$10', '$5', '$5', '$5', '$5', '$5', '$5', '$10', '$10', '$10', '$10', '$5', '10-', '$5', '$10', '$5', '$10']",94,11,"[0, 15, 69, 15]",26
TU_1_3_2_1,2.0,gpt-3.5-turbo,10,10,friend,"['$10', '$10', '$""+', '$5', '', '502.', '$10', '$5', '$10', '$5', 'City economic', '$10', '$5', '$5', '$10', '$5', '$10', '$5', '$5', '$10', '$10', '$])', '$10', 'Ask for', '$Not', '$10', '$10', '$0', 'Absent other', '$5', '$10', 'Typically', '$10', 'PhTr', '$10', '$7', '$5', '$10', '10.', '$5', '$10', '$6', 'I guess', '$5', '$5', '$5', '$5', '$5', '$10', '$10', '$5', '$5', '$5', '$5', '$5', '$5', '$10', '$5', '$5', '$10', '$10', '$10', '$11', '$5', '$12', 'As judgment', '$10', '$5', '::$10', '$15', '$5', '$5', '$5', '$5', '$10', '$10', '$8', '$5', '$5', '$5', '$5', '$10', '$ Maple', 'Single answer', '$7', '51228', '$10', '$5', '<$10', '$10', '$5', '$0', '$5', '$5', '$5', '$5', 'MomDr', '10.', '$10', '$10']",80,11,"[0, 15, 69, 15]",26
TU_2_3_2_1,0.01,gpt-4-1106-preview,10,10,friend,"['$10', '$10', '$10', '$10', '$10', '$10', '$10', '$10', '$10', '$10', '$10', '$10', '$10', '$10', '$10', '$10', '$10', '$10', '$10', '$10', '$10', '$10', '$10', '$10', '$10', '$10', '$10', '$10', '$10', '$10', '$10', '$10', '$10', '$10', '$10', '$10', '$10', '$10', '$10', '$10', '$10', '$10', '$10', '$10', '$10', '$10', '$10', '$10', '$10', '$10']",50,11,"[0, 15, 69, 15]",26
TU_2_3_2_1,0.5,gpt-4-1106-preview,10,10,friend,"['$10', '$10', '$10', '$10', '$10', '$10', '$10', '$10', '$10', '$10', '$10', '$5', '$10', '$10', '$10', '$10', '$10', '$10', '$10', '$10', '$10', '$10', '$10', '$10', '$10', '$10', '$10', '$10', '$10', '$10', '$10', '$10', '$10', '$10', '$10', '$10', '$10', '$10', '$10', '$10', '$10', '$10', '$10', '$10', '$10', '$10', '$10', '$10', '$10', '$10']",50,11,"[0, 15, 69, 15]",26
TU_2_3_2_1,1.0,gpt-4-1106-preview,10,10,friend,"['$10', '$10', '$10', '$10', '$10', '$5', '$10', '$10', '$10', '$10', '$10', '$10', '$0', '$10', '$5', '$10', '$10', '$10', '$10', '$10', '$10', '$10', '$10', '$5', '$10', '$5', '$10', '$5', '$10', '$10', '$10', '$10', '$10', '$10', '$10', '$10', '$10', '$10', '$10', '$10', '$10', '$10', '$10', '$10', '$10', '$10', '$10', '$0', '$10', '$10']",50,11,"[0, 15, 69, 15]",26
TU_2_3_2_1,1.5,gpt-4-1106-preview,10,10,friend,"['$5', '$10', '$10', '$5', '$10', '$5', '$10', '$10', '$5', '$5', '$10', '$10', '$10', '$0', '$5', '$10', '$10', '$5', '$5', '$5', '$10', '$10', '$10', '$10', '$10', '$10', '$10', '$10', '$5', '$10', '$10', '$10', '$10', '$10', '$5', '$10', '$5', '$5', '$10', '$5', '$10', '$10', '$10', '$10', '$10', '$10', '$10', '$10', '$0', '$10']",50,11,"[0, 15, 69, 15]",26
TU_2_3_2_1,2.0,gpt-4-1106-preview,10,10,friend,"['$5', '$5', '$10', '$10', '$10', '$10', '$10', '$10', '$10', '$10', '$10', '$10', '5.', '$5', '$5', '$10', '$5', '$10', '$0', '$5', '$5', '$0', '$10', '$5', '$5', '$10', '$5', '$10', '$10', '$0', '$10', '$10', '$10', '$5', '$10', '$5', '$10', '$5', '$5', '$5', '$10', '$10', '$5', '$0', '$10', '$10', '$10', '$10', '$10', '$5']",49,11,"[0, 15, 69, 15]",26
TU_3_3_2_1,0.01,llama-2-70b,10,10,friend,"['$15', '$15', '$15', '$15', '$15', '$15', '$15', '$15', '$15', '$15', '$15', '$15', '$15', '$15', '$15', '$15', '$15', '$15', '$15', '$15', '$15', '$15', '$15', '$15', '$15', '$15', '$15', '$15', '$15', '$15', '$15', '$15', '$15', '$15', '$15', '$15', '$15', '$15', '$15', '$15', '$15', '$15', '$15', '$15', '$15', '$15', '$15', '$15', '$15', '$15']",50,11,"[0, 15, 69, 15]",26
TU_3_3_2_1,0.5,llama-2-70b,10,10,friend,"['$15', '$15', '$15', '$15', '$15', '$15', '$15', '$15', '$15', '$15', '$15', '$15', '$15', '$15', '$15', '$15', '$15', '$15', '$15', '$15', '$15', '$15', '$15', '$15', '$15', '$15', '$15', '$15', '$15', '$15', '$15', '$15', '$15', '$15', '$15', '$15', '$15', '$15', '$15', '$15', '$15', '$15', '$15', '$15', '$15', '$15', '$15', '$15', '$15', '$15']",50,11,"[0, 15, 69, 15]",26
TU_3_3_2_1,1.0,llama-2-70b,10,10,friend,"['$15', '$15', '$15', '$15', '$15', '$15', '$15', '$15', '$15', '$15', '$15', '$15', '$15', '$15', '$15', '$15', '$15', '$15', '$15', '$15', '$15', '$15', '$15', '$15', '$15', '$15', '$15', '$15', '$15', '$15', '$15', '$15', '$15', '$15', '$15', '$15', '$15', '$15', '$15', '$15', '$15', '$15', '$15', '$15', '$15', '$15', '$15', '$15', '$15', '$15']",50,11,"[0, 15, 69, 15]",26
TU_3_3_2_1,1.5,llama-2-70b,10,10,friend,"['$15', '$15', '$15', '$15', '$15', '$15', '$15', '$15', '$15', '$15', '$15', '$15', '$15', '$15', '$15', '$15', '$15', '$15', '$15', '$15', '$15', '$15', '$15', '$15', '$15', '$15', '$15', '$15', '$15', '$15', '$15', '$15', '$15', '$15', '$15', '$15', '$15', '$15', '$15', '$15', '$15', '$15', '$15', '$15', '$15', '$15', '$15', '$15', '$15', '$15']",50,11,"[0, 15, 69, 15]",26
TU_3_3_2_1,2.0,llama-2-70b,10,10,friend,"['$15', '$15', '$15', '$15', '$15', '$15', '$15', '$15', '$15', '$15', '$15', '$15', '$15', '$15', '$15', '$15', '$15', '$15', '$$15', '$$15', '$15', '$15', '$15', '$15', '$15', '$15', '$15', '$15', '$15', '$15', '$15', '$15', '$15', '$15', '$15', '$15', '$15', '$15', '$15', '$15', '$15', '$15', '$15', '$15', '$15', '$15', '$15', '$15', '$15', '$$15']",47,11,"[0, 15, 69, 15]",26
TU_1_3_2_2,0.01,gpt-3.5-turbo,10,10,stranger,"['$10', '$10', '$10', '$10', '$10', '$10', '$10', '$10', '$10', '$10', '$10', '$10', '$10', '$10', '$10', '$10', '$10', '$10', '$10', '$10', '$10', '$10', '$10', '$10', '$10', '$10', '$10', '$10', '$10', '$10', '$10', '$10', '$10', '$10', '$10', '$10', '$10', '$10', '$10', '$10', '$10', '$10', '$10', '$10', '$10', '$10', '$10', '$10', '$10', '$10', '$10', '$10', '$10', '$10', '$10', '$10', '$10', '$10', '$10', '$10', '$10', '$10', '$10', '$10', '$10', '$10', '$10', '$10', '$10', '$10', '$10', '$10', '$10', '$10', '$10', '$10', '$10', '$10', '$10', '$10', '$10', '$10', '$10', '$10', '$10', '$10', '$10', '$10', '$10', '$10', '$10', '$10', '$10', '$10', '$10', '$10', '$10', '$10', '$10', '$10']",100,12,"[0, 0, 73, 27]",26
TU_1_3_2_2,0.5,gpt-3.5-turbo,10,10,stranger,"['$10', '$10', '$10', '$10', '$10', '$10', '$10', '$10', '$10', '$10', '$10', '$10', '$10', '$10', '$10', '$10', '$10', '$10', '$10', '$10', '$10', '$10', '$10', '$10', '$10', '$10', '$10', '$10', '$10', '$10', '$10', '$10', '$10', '$10', '$10', '$10', '$10', '$10', '$10', '$10', '$10', '$10', '$10', '$10', '$10', '$10', '$10', '$10', '$10', '$10', '$10', '$10', '$10', '$10', '$10', '$10', '$10', '$10', '$10', '$10', '$10', '$10', '$10', '$10', '$10', '$10', '$10', '$10', '$10', '$10', '$10', '$10', '$10', '$10', '$10', '$10', '$10', '$10', '$10', '$10', '$10', '$10', '$10', '$10', '$10', '$10', '$10', '$10', '$10', '$10', '$10', '$10', '$10', '$10', '$10', '$10', '$10', '$10', '$10', '$10']",100,12,"[0, 0, 73, 27]",26
TU_1_3_2_2,1.0,gpt-3.5-turbo,10,10,stranger,"['$10', '$10', '$10', '$10', '$15', '$10', '$10', '$10', '$10', '$10', '$10', '$10', '$10', '$10', '$10', '$10', '$10', '$10', '$10', '$10', '$10', '$10', '$10', '$10', '$10', '$10', '$10', '$10', '$10', '$10', '$10', '$10', '$10', '$10', '$10', '$10', '$10', '$10', '$10', '$10', '$10', '$10', '$10', '$10', '$10', '$10', '$10', '$10', '$10', '$10', '$10', '$10', '$10', '$10', '$10', '$10', '$10', '$10', '$10', '$10', '$10', '$10', '$10', '$10', '$10', '$10', '$10', '$10', '$10', '$10', '$10', '$10', '$10', '$10', '$10', '$10', '$10', '$10', '$10', '$10', '$15', '$10', '$10', '$10', '$10', '$10', '$10', '$10', '$10', '$10', '$10', '$10', '$10', '$10', '$10', '$10', '$10', '$10', '$10', '$10']",100,12,"[0, 0, 73, 27]",26
TU_1_3_2_2,1.5,gpt-3.5-turbo,10,10,stranger,"['$10', '$15', '$10', '$10', '$15', '$10', '$10', '$10', '$10', '$10', '$15', '$10', '$15', '$15', '$10', '$10', '$10', '$10', '$10', '$10', '$10', '$10', '$10', '$15', '$10', '$10', '$5', '$10', '$10', '$10', '$10', '$10', '$10', '$15', '$10', '$10', '$10', '$10', '$10', 'I ask', '$10', '$10', '$10', '$10', '$10', '$10', '$10', '$10', '$10', '8.', '$10', '$10', '$10', '$10', '$10', '$10', '$10', '$10', '$10', '$10', '$10', '$10', '$10', '$10', '$10', '$10', '$10', '$10', '$10', '$10', '$10', '$10', '$15', '$10', '$15', '$10', '$10', '$10', 'I ask', '$10', '$10', '$10', '$10', '$10', '$10', '$10', '$10', '$10', '$10', '$10', '$10', '$10', '$10', '$10', '$10', '$10', '$10', '$10', '$10', '$10']",97,12,"[0, 0, 73, 27]",26
TU_1_3_2_2,2.0,gpt-3.5-turbo,10,10,stranger,"['$20', '37.', '$10', '$10', '$10', '$10', '$15', '$10', '$...', 'Alexander M', '$10', '$10', '$10', '$9', '$9', '$8', '$12', '$10', '$15', '$10', 'The price', '15.', '$10', '$30', '$10', '$10', '$10', '."",[""$', 'Answer:', '$10', '$10', 'STAR_IM', 'The price', '$10', '$10', '$10', '$10', '$10', '$10', '""$10', '$10', '>$ agent', '$10', '$10', '$10', '$10', '$6', '$6', '$10', '$10', '$10', '$10', '$10', '10.', '$10', 'IName', '$10', '$10', '$15', 'I ask', '$48', '$10', '$10', '$10', 'Given context', '$10', '$9', '$10', '$40', '$10', '$10', '\\$10', '$10', '$10', '$10', '$10', '$10', '$15', '$10', '10.', '$6', '$10', '$10', '$10', '$Wood', '$20', 'Minimum $', '$10', '$allocator', '$10', '$10', '$10', '$#', '$10', '$10', '$10', '$10', '$20', '$ often', '$10']",78,12,"[0, 0, 73, 27]",26
TU_2_3_2_2,0.01,gpt-4-1106-preview,10,10,stranger,"['$10', '$10', '$10', '$10', '$10', '$10', '$10', '$10', '$10', '$10', '$10', '$10', '$10', '$10', '$10', '$10', '$10', '$10', '$10', '$10', '$10', '$10', '$10', '$10', '$10', '$10', '$10', '$10', '$10', '$10', '$10', '$10', '$10', '$10', '$10', '$10', '$10', '$10', '$10', '$10', '$10', '$10', '$10', '$10', '$10', '$10', '$10', '$10', '$10', '$10']",50,12,"[0, 0, 73, 27]",26
TU_2_3_2_2,0.5,gpt-4-1106-preview,10,10,stranger,"['$10', '$10', '$10', '$10', '$10', '$10', '$10', '$10', '$10', '$10', '$10', '$10', '$10', '$10', '$10', '$10', '$10', '$10', '$10', '$10', '$10', '$10', '$10', '$10', '$10', '$10', '$10', '$10', '$10', '$10', '$10', '$10', '$10', '$10', '$10', '$10', '$10', '$10', '$10', '$10', '$10', '$10', '$10', '$10', '$10', '$10', '$10', '$10', '$10', '$10']",50,12,"[0, 0, 73, 27]",26
TU_2_3_2_2,1.0,gpt-4-1106-preview,10,10,stranger,"['$10', '$10', '$10', '$10', '$10', '$10', '$10', '$10', '$10', '$10', '$10', '$10', '$10', '$10', '$10', '$10', '$10', '$10', '$10', '$10', '$10', '$10', '$10', '$10', '$10', '$10', '$10', '$10', '$10', '$10', '$10', '$10', '$10', '$10', '$10', '$10', '$10', '$10', '$10', '$10', '$10', '$10', '$10', '$10', '$10', '$10', '$10', '$10', '$10', '$10']",50,12,"[0, 0, 73, 27]",26
TU_2_3_2_2,1.5,gpt-4-1106-preview,10,10,stranger,"['$10', '$10', '$10', '$10', '$10', '$10', '$10', '$10', '$10', '$10', '$10', '$10', '$10', '$10', '$10', '$10', '$10', '$10', '$10', '$10', '$10', '$10', '$10', '$10', '$10', '$10', '$10', '$10', '$10', '$10', '$10', '$10', '$10', '$10', '$10', '$10', '$10', '$10', '$10', '$10', '$10', '$10', '$10', '$10', '$10', '$10', '$10', '$10', '$10', '$10']",50,12,"[0, 0, 73, 27]",26
TU_2_3_2_2,2.0,gpt-4-1106-preview,10,10,stranger,"['$10', '$10', '$10', '$10', '$10', '$10', '$10', '$10', '$10', '$10', '$10', '$10', '$10', '$10', '$10', '$10', '$10', '$10', '$10', '$10', '$10', '$10', '$10', '$10', '$10', '$10', '$10', '$10', '$10', '$10', '$10', '$10', '$10', '$10', '$10', '$10', '$10', '$10', '$10', '$10', '$10', '$10', '$10', '$10', '$10', '$10', '$10', '$10', '$10', '$10']",50,12,"[0, 0, 73, 27]",26
TU_3_3_2_2,0.01,llama-2-70b,10,10,stranger,"['$15', '$15', '$15', '$15', '$15', '$15', '$15', '$15', '$15', '$15', '$15', '$15', '$15', '$15', '$15', '$15', '$15', '$15', '$15', '$15', '$15', '$15', '$15', '$15', '$15', '$15', '$15', '$15', '$15', '$15', '$15', '$15', '$15', '$15', '$15', '$15', '$15', '$15', '$15', '$15', '$15', '$15', '$15', '$15', '$15', '$15', '$15', '$15', '$15', '$15']",50,10,"[0, 0, 73, 27]",26
TU_3_3_2_2,0.5,llama-2-70b,10,10,stranger,"['$15', '$15', '$15', '$15', '$15', '$15', '$15', '$15', '$15', '$15', '$15', '$15', '$15', '$15', '$15', '$15', '$15', '$15', '$15', '$15', '$15', '$15', '$15', '$15', '$15', '$15', '$15', '$15', '$15', '$15', '$15', '$15', '$15', '$15', '$15', '$15', '$15', '$15', '$15', '$15', '$15', '$15', '$15', '$15', '$15', '$15', '$15', '$15', '$15', '$15']",50,10,"[0, 0, 73, 27]",26
TU_3_3_2_2,1.0,llama-2-70b,10,10,stranger,"['$15', '$15', '$15', '$15', '$15', '$15', '$15', '$15', '$15', '$15', '$15', '$15', '$15', '$15', '$15', '$15', '$15', '$15', '$15', '$15', '$15', '$15', '$15', '$15', '$15', '$15', '$15', '$15', '$15', '$15', '$15', '$15', '$15', '$15', '$15', '$15', '$15', '$15', '$15', '$15', '$15', '$15', '$15', '$15', '$15', '$15', '$15', '$15', '$15', '$15']",50,10,"[0, 0, 73, 27]",26
TU_3_3_2_2,1.5,llama-2-70b,10,10,stranger,"['$15', '$15', '$15', '$15', '$15', '$15', '$15', '$15', '$15', '$15', '$15', '$15', '$15', '$15', '$15', '$15', '$15', '$15', '$15', '$15', '$15', '$15', '$15', '$15', '$15', '$15', '$15', '$15', '$15', '$15', '$15', '$15', '$15', '$15', '$15', '$15', '$15', '$15', '$15', '$15', '$15', '$15', '$15', '$15', '$15', '$15', '$15', '$15', '$15', '$15']",50,10,"[0, 0, 73, 27]",26
TU_3_3_2_2,2.0,llama-2-70b,10,10,stranger,"['Sure! I would ask for $15', '$15', '$15', '$15', '$15', '$15', '$15', '""$15""', '$$15.00$$', '$15', '""$15""', '$15', '$15', '$$12.', '$$$$', '$15', '$15', '$15', 'Sure! I would say:\n\n$', '$15', '$15', '$15', '$15', 'I would ask for $15.', '$15', '$15', '$15', '$15', ""Sure! Here's my answer:"", '$15', '$15', '$15', '$15', '$15', '$15', '$$15', '$15', '$15', 'I would ask for $15.', '$15', '$15', '$15', '$15', '$15', '$15', '$15', '$15', '$15', '$15', '$15']",39,10,"[0, 0, 73, 27]",26
