experiment_id,temperature,model,initial_cost,orientation_price,buyer,answers,Obs.
TU_1_1_1_1,0.5,gpt-3.5-turbo,0,5,friend,"['$5', '$5', '$5', '$5', '$5', '$5', '$5', '$5', '$5', '$5', '$5', '$5', '$5', '$5', '$5', '$5', '$5', '$5', '$5', '$5', '$5', '$5', '$5', '$5', '$5', '$5', '$5', '$5', '$5', '$5', '$5', '$5', '$5', '$5', '$5', '$5', '$5', '$5', '$5', '$5', '$5', '$5', '$5', '$5', '$5', '$5', '$5', '$5', '$5', '$5', '$5', '$5', '$5', '$5', '$5', '$5', '$5', '$5', '$5', '$5', '$5', '$5', '$5', '$5', '$5', '$5', '$5', '$5', '$5', '$5', '$5', '$5', '$5', '$5', '$5', '$5', '$5', '$5', '$5', '$5', '$5', '$5', '$5', '$5', '$5', '$5', '$5', '$5', '$5', '$5', '$5', '$5', '$5', '$5', '$5', '$5', '$5', '$5', '$5', '$5']",100
TU_1_1_1_1,1.0,gpt-3.5-turbo,0,5,friend,"['$5', '$5', '$5', '$5', '$5', '$5', '$5', '$5', '$5', '$5', '$5', '$5', '$5', '$5', '$5', '$5', '$5', '$5', '$5', '$5', '$5', '$5', '$5', '$5', '$5', '$5', '$5', '$5', '$5', '$5', '$5', '$5', '$5', '$5', '$5', '$5', '$5', '$5', '$5', '$5', '$5', '$5', '$5', '$5', '$5', '$5', '$5', '$5', '$5', '$5', '$5', '$5', '$5', '$5', '$10', '$5', '$5', '$5', '$5', '$5', '$5', '$5', '$5', '$5', '$5', '$5', '$5', '$5', '$5', '$5', '$5', '$5', '$5', '$5', '$5', '$5', '$5', '$5', '$5', '$5', '$5', '$5', '$5', '$5', '$5', '$5', '$5', '$5', '$0', '$5', '$5', '$5', '$5', '$5', '$5', '$5', '$5', '$5', '$5', '$5']",100
TU_1_1_1_1,1.5,gpt-3.5-turbo,0,5,friend,"['$5', '$5', '$5', '$5', '$10', '$10', '$5', '$5', '$5', '$5', '$5', '$5', '$5', '$5', '$5', '$5', '$5', '$5', '$5', '$5', '$5', '$5', '$5', '$5', '$5', '$5', '$5', '$5', '$5', '$5', '$5', '$5', '$5', '$0', '$5', '$5', '$5', '$5', '$5', '$5', '$5', '$5', '$5', '$5', '$5', 'As my', '$5', '$5', '$5', '$5', '$5', '$5', '$0', '$5', '$5', '$5', '$5', '$5', '$5', '$5', '$5', '$5', '$5', '$5', '$5', '$5', '$0', '$0', '$0', '$5', '$5', '$5', '$5', '$5', '$5', 'I ask', '$5', '$5', '$5', '$5', '$5', '$5', '$5', '$5', '$5', '$5', 'I would', '$5', '$5', '$5', '$5', '$5', '$5', '$5', '$5', '$5', '$5', '$5', '$5', '$5']",97
TU_2_1_1_1,0.5,gpt-4-1106-preview,0,5,friend,"['$0', '$0', '$0', '$0', '$0', '$0', '$0', '$0', '$0', '$0', '$0', '$0', '$0', '$0', '$0', '$0', '$0', '$0', '$0', '$0', '$0', '$0', '$0', '$0', '$0', '$5', '$5', '$5', '$5', '$0', '$0', '$0', '$0', '$0', '$0', '$0', '$0', '$0', '$0', '$0', '$0', '$0', '$0', '$5', '$5', '$5', '$0', '$0', '$5', '$0']",50
TU_2_1_1_1,1.0,gpt-4-1106-preview,0,5,friend,"['$0', '$0', '$0', '$0', '$5', '$0', '$5', '$0', '$0', '$0', '$0', '$5', '$0', '$0', '$5', '$5', '$0', '$0', '$0', '$5', '$0', '$0', '$0', '$0', '$0', '$0', '$0', '$0', '$0', '$0', '$5', '$0', '$5', '$0', '$0', '$0', '$0', '$0', '$0', '$0', '$0', '$0', '$0', '$5', '$0', '$5', '$0', '$0', '$5', '$0']",50
TU_2_1_1_1,1.5,gpt-4-1106-preview,0,5,friend,"['$0', '$5', '$5', '$0', '$0', '$0', '$0', '$5', '$0', '$0', '$5', '$0', '$0', '$0', '$0', '$0', '$5', '$0', '$5', '$0', '$5', '$0', '$5', '$0', '$5', '$0', '$0', '$5', '$5', '$5', '$0', '$5', '$0', '$5', '$0', '$0', '$0', '$0', '$0', '$0', '$0', '$5', '$0', '$0', '$0', '$0', '$0', '$0', '$0', '$0']",50
TU_3_1_1_1,0.5,llama-2-70b,0,5,friend,"['$10', '$10', '$10', '$10', '$10', '$10', '$10', '$10', '$10', '$10', '$10', '$10', '$10', '$10', '$10', '$10', '$10', '$10', '$10', '$10', '$10', '$10', '$10', '$10', '$10', '$10', '$10', '$10', '$10', '$10', '$10', '$10', '$10', '$10', '$10', '$10', '$10', '$10', '$10', '$10', '$10', '$10', '$10', '$10', '$10', '$10', '$10', '$10', '$10', '$10']",50
TU_3_1_1_1,1.0,llama-2-70b,0,5,friend,"['$10', '$10', '$10', '$10', '$10', '$10', '$10', '$10', '$10', '$10', '$10', '$10', '$10', '$10', '$10', '$10', '$10', '$10', '$10', '$10', '$10', '$10', '$10', '$10', '$10', '$10', '$10', '$10', '$10', '$10', '$10', '$10', '$10', '$10', '$10', '$10', '$10', '$10', '$10', '$10', '$10', '$10', '$10', '$10', '$10', '$10', '$10', '$10', '$10', '$10']",50
TU_3_1_1_1,1.5,llama-2-70b,0,5,friend,"['$10', '$10', '$10', '$10', '$10', '$10', '$10', '$10', '$10', '$10', '$10', '$10', '$10', '$10', '$10', '$10', '$10', '$10', '$10', '$10', '$10', '$10', '$10', '$10', '$10', '$10', '$10', '$10', '$10', '$10', '$10', '$10', '$10', '$10', '$10', '$10', '$10', '$10', '$10', '$10', '$10', '$10', '$10', '$10', '$10', '$10', '$10', '$10', '$10', '$10']",50
TU_1_1_1_2,0.5,gpt-3.5-turbo,0,5,stranger,"['$5', '$5', '$5', '$5', '$5', '$5', '$5', '$5', '$5', '$5', '$5', '$5', '$5', '$5', '$5', '$5', '$5', '$5', '$5', '$5', '$5', '$5', '$5', '$5', '$5', '$5', '$5', '$5', '$5', '$5', '$5', '$10', '$5', '$5', '$5', '$5', '$5', '$5', '$10', '$5', '$5', '$5', '$5', '$5', '$5', '$5', '$5', '$5', '$5', '$5', '$5', '$5', '$5', '$5', '$5', '$5', '$5', '$5', '$5', '$5', '$5', '$5', '$5', '$5', '$5', '$5', '$5', '$5', '$5', '$5', '$5', '$5', '$5', '$5', '$5', '$5', '$5', '$5', '$5', '$10', '$5', '$5', '$5', '$5', '$5', '$5', '$5', '$5', '$5', '$5', '$5', '$5', '$5', '$5', '$5', '$5', '$5', '$5', '$5', '$5']",100
TU_1_1_1_2,1.0,gpt-3.5-turbo,0,5,stranger,"['$5', '$5', '$5', '$5', '$5', '$5', '$5', '$5', '$5', '$5', '$10', '$5', '$5', '$5', '$5', '$5', '$5', '$5', '$5', '$10', '$5', '$5', '$10', '$5', '$5', '$5', '$5', '$5', '$5', '$5', '$5', '$5', '$10', '$5', '$5', '$10', '$5', '$5', '$5', '$5', '$5', '$10', '$5', '$5', '$5', '$5', '$5', '$5', '$10', '$5', '$5', '$5', '$5', '$5', '$5', '$5', '$5', '$5', '$5', '$10', '$5', '$5', '$5', '$5', '$5', '$5', '$5', '$5', '$5', '$10', '$5', '$5', '$5', '$5', '$5', '$10', '$5', '$5', '$5', '$5', '$5', '$5', '$5', '$5', '$5', '$5', '$5', '$5', '$10', '$5', '$5', '$5', '$10', '$10', '$5', '$10', '$5', '$5', '$5', '$5']",100
TU_1_1_1_2,1.5,gpt-3.5-turbo,0,5,stranger,"['$5', '$20', '$15', '$5', '$5', '$5', '$15', '$5', '$5', '$5', '$5', '$3', '$10', '$10', '$10', '$10', '$5', '$10', '$7', '$5', '$5', '$5', '$5', '$10', '$5', '$5', '$40', '$7', '$10', '$5', '$10', '$5', '$10', '$5', '$5', '$5', '36.', '$5', '$5', '$5', '$10', '$5', '30.', '$5', '$5', '$5', '$5', '$10', '$5', '$5', '$5', '$3', '$15', '$5', '$5', '$5', '$5', '$10', '$5', 'I would', '$5', '$20', '$6', '$5', '$5', ""I'd"", '$5', 'I would', '$5', '$5', '$10', '$5', '$5', '$5', '$5', '$5', '$5', '$10', '$5', '$5', '$5', '$5', '$5', '$25', '$5', '$40', '$5', '$5', '$10', '$5', '$?.', '$10', '$5', '$10', '$5', '$5', '$0', '$5', 'No answer', '$5']",94
TU_2_1_1_2,0.5,gpt-4-1106-preview,0,5,stranger,"['$5', '$5', '$5', '$5', '$5', '$5', '$5', '$5', '$5', '$5', '$5', '$5', '$5', '$5', '$5', '$5', '$5', '$5', '$5', '$5', '$5', '$5', '$5', '$5', '$5', '$5', '$5', '$5', '$5', '$5', '$5', '$5', '$5', '$5', '$5', '$5', '$5', '$5', '$5', '$5', '$5', '$5', '$5', '$5', '$5', '$5', '$5', '$5', '$5', '$5']",50
TU_2_1_1_2,1.0,gpt-4-1106-preview,0,5,stranger,"['$5', '$5', '$5', '$5', '$5', '$5', '$5', '$5', '$5', '$5', '$5', '$5', '$5', '$5', '$5', '$5', '$5', '$5', '$5', '$5', '$5', '$5', '$5', '$5', '$5', '$5', '$5', '$5', '$5', '$5', '$5', '$5', '$5', '$5', '$5', '$5', '$5', '$5', '$5', '$5', '$5', '$5', '$5', '$5', '$5', '$5', '$5', '$5', '$5', '$5']",50
TU_2_1_1_2,1.5,gpt-4-1106-preview,0,5,stranger,"['$5', '$5', '$5', '$5', '$5', '$5', '$5', '$5', '$5', '$5', '$5', '$5', '$5', '$5', '$5', '$5', '$5', '$5', '$5', '$5', '$5', '$5', '$5', '$5', '$5', '$5', '$5', '$5', '$5', '$5', '$5', '$5', '$5', '$5', '$5', '$5', '$5', '$5', '$5', '$5', '$5', '$5', '$5', '$5', '$5', '$5', '$5', '$5', '$5', '$5']",50
TU_3_1_1_2,0.5,llama-2-70b,0,5,stranger,"['$10', '$10', '$10', '$10', '$10', '$10', '$10', '$10', '$10', '$10', '$10', '$10', '$10', '$10', '$10', '$10', '$10', '$10', '$10', '$10', '$10', '$10', '$10', '$10', '$10', '$10', '$10', '$10', '$10', '$10', '$10', '$10', '$10', '$10', '$10', '$10', '$10', '$10', '$10', '$10', '$10', '$10', '$10', '$10', '$10', '$10', '$10', '$10', '$10', '$10']",50
TU_3_1_1_2,1.0,llama-2-70b,0,5,stranger,"['$10', '$10', '$10', '$10', '$10', '$10', '$10', '$10', '$10', '$10', '$10', '$10', '$10', '$10', '$10', '$10', '$10', '$10', '$10', '$10', '$10', '$10', '$10', '$10', '$10', '$10', '$10', '$10', '$10', '$10', '$10', '$10', '$10', '$10', '$10', '$10', '$10', '$10', '$10', '$10', '$10', '$10', '$10', '$10', '$10', '$10', '$10', '$10', '$10', '$10']",50
TU_3_1_1_2,1.5,llama-2-70b,0,5,stranger,"['$10', '$10', '$10', '$10', '$10', '$10', '$10', '$10', '$10', '$10', '$10', '$10', '$10', '$10', '$10', '$10', '$10', '$10', '$10', '$10', '$10', '$10', '$10', '$10', '$10', '$10', '$10', '$10', '$10', '$10', '$10', '$10', '$10', '$10', '$10', '$10', '$10', '$10', '$10', '$10', '$10', '$10', '$10', '$10', '$10', '$10', '$10', '$10', '$10', '$10']",50
TU_1_1_2_1,0.5,gpt-3.5-turbo,0,10,friend,"['$5', '$5', '$5', '$5', '$5', '$5', '$5', '$5', '$5', '$5', '$5', '$5', '$5', '$5', '$5', '$5', '$5', '$5', '$5', '$5', '$5', '$5', '$5', '$5', '$5', '$5', '$5', '$5', '$5', '$5', '$5', '$5', '$5', '$5', '$5', '$5', '$5', '$5', '$5', '$5', '$5', '$5', '$5', '$5', '$5', '$5', '$5', '$5', '$5', '$5', '$5', '$5', '$5', '$5', '$5', '$5', '$5', '$5', '$5', '$5', '$5', '$5', '$5', '$5', '$5', '$5', '$5', '$5', '$5', '$5', '$5', '$5', '$5', '$5', '$5', '$5', '$5', '$5', '$5', '$5', '$5', '$5', '$5', '$5', '$5', '$5', '$5', '$5', '$5', '$5', '$5', '$5', '$5', '$5', '$5', '$5', '$5', '$5', '$5', '$5']",100
TU_1_1_2_1,1.0,gpt-3.5-turbo,0,10,friend,"['$5', '$5', '$5', '$5', '$5', '$5', '$5', '$5', '$5', '$5', '$5', '$5', '$5', '$5', '$5', '$5', '$5', '$5', '$5', '$5', '$5', '$5', '$5', '$5', '$5', '$5', '$5', '$5', '$5', '$5', '$5', '$5', '$5', '$5', '$5', '$5', '$5', '$5', '$5', '$5', '$5', '$5', '$5', '$5', '$5', '$5', '$5', '$5', '$5', '$5', '$5', '$5', '$5', '$5', '$5', '$5', '$5', '$5', '$5', '$5', '$5', '$5', '$5', '$5', '$5', '$5', '$5', '$5', '$5', '$5', '$5', '$5', '$5', '$5', '$5', '$5', '$5', '$5', '$5', '$5', '$5', 'Price:', '$5', '$5', '$5', '$5', '$5', '$5', '$5', '$5', '$5', '$5', '$5', '$5', '$5', '$5', '$5', '$0', '$5', '$5']",99
TU_1_1_2_1,1.5,gpt-3.5-turbo,0,10,friend,"['$10', '$5', '$5', '$5', '$5', '$5', '10.', '$5', '$5', '$5', '$5', '$5', '$5', '$5', '$5', '$5', '$5', '$5', '$5', '$5', '$5', '$5', '$5', '$5', '$5', '$5', '$5', 'I Ask', '$5', '$5', '$5', '$5', '$5', '$5', '$5', '$5', '$5', '$5', '$5', '$5', '$5', '$5', '$5', '$5', '$5', '$5', '$5', '$5', '$5', '$10', '$5', '$5', '$5', '$5', '$5', '$5', '$5', '$5', '$5', '$5', '$5', '$5', '$5', '$5', '$5', '$5', '$5', '$5', '$5', '$5', '$8', '$5', '$10', '$5', '$5', '$5', '$5', '$5', '$5', '$5', '$5', '$5', '$10', '$5', '$5', '$5', '$5', '$5', '$10', '$5', '$5', '$5', '$5', '$0', '$5', '$5', '$5', '2.', '$5', '$5']",97
TU_2_1_2_1,0.5,gpt-4-1106-preview,0,10,friend,"['$0', '$0', '$0', '$0', '$0', '$0', '$0', '$0', '$0', '$0', '$0', '$0', '$0', '$0', '$0', '$0', '$0', '$0', '$0', '$0', '$0', '$0', '$0', '$0', '$0', '$0', '$0', '$0', '$0', '$0', '$0', '$0', '$0', '$0', '$0', '$0', '$0', '$0', '$0', '$0', '$0', '$0', '$0', '$0', '$0', '$0', '$0', '$0', '$0', '$0']",50
TU_2_1_2_1,1.0,gpt-4-1106-preview,0,10,friend,"['$0', '$0', '$0', '$0', '$0', '$0', '$0', '$0', '$0', '$0', '$0', '$0', '$0', '$0', '$0', '$0', '$0', '$0', '$0', '$0', '$0', '$0', '$0', '$0', '$0', '$0', '$0', '$0', '$0', '$0', '$0', '$0', '$0', '$0', '$0', '$0', '$0', '$0', '$0', '$0', '$0', '$0', '$0', '$0', '$0', '$0', '$5', '$0', '$0', '$0']",50
TU_2_1_2_1,1.5,gpt-4-1106-preview,0,10,friend,"['$0', '$0', '$0', '$0', '$0', '$0', '$0', '$0', '$5', '$0', '$0', '$0', '$5', '$0', '$0', '$0', '$0', '$5', '$0', '$0', '$0', '$0', '$0', '$0', '$0', '$0', '$0', '$0', '$0', '$0', '$0', '$0', '$0', '$0', '$0', '$0', '$0', '$0', '$0', '$0', '$0', '$0', '$0', '0 dollars', '$0', '$0', '$0', '$0', '$0', '$0']",49
TU_3_1_2_1,0.5,llama-2-70b,0,10,friend,"['$15', '$15', '$15', '$15', '$15', '$15', '$15', '$15', '$15', '$15', '$15', '$15', '$15', '$15', '$15', '$15', '$15', '$15', '$15', '$15', '$15', '$15', '$15', '$15', '$15', '$15', '$15', '$15', '$15', '$15', '$15', '$15', '$15', '$15', '$15', '$15', '$15', '$15', '$15', '$15', '$15', '$15', '$15', '$15', '$15', '$15', '$15', '$15', '$15', '$15']",50
TU_3_1_2_1,1.0,llama-2-70b,0,10,friend,"['$15', '$15', '$15', '$15', '$15', '$15', '$15', '$15', '$15', '$15', '$15', '$15', '$15', '$15', '$15', '$15', '$15', '$15', '$15', '$15', '$15', '$15', '$15', '$15', '$15', '$15', '$15', '$15', '$15', '$15', '$15', '$15', '$15', '$15', '$15', '$15', '$15', '$15', '$15', '$15', '$15', '$15', '$15', '$15', '$15', '$15', '$15', '$15', '$15', '$15']",50
TU_3_1_2_1,1.5,llama-2-70b,0,10,friend,"['$15', '$15', '$15', '$15', '$15', '$15', '$15', '$15', '$15', '$15', '$15', '$15', '$15', '$15', '$15', '$15', '$15', '$15', '$15', '$15', '$15', '$15', '$15', '$15', '$15', '$15', '$15', '$15', '$15', '$15', '$15', '$15', '$15', '$15', '$15', '$15', '$15', '$15', '$15', '$15', '$15', '$15', '$15', '$15', '$15', '$15', '$15', '$15', '$15', '$15']",50
TU_1_1_2_2,0.5,gpt-3.5-turbo,0,10,stranger,"['$10', '$10', '$10', '$10', '$10', '$10', '$10', '$10', '$10', '$10', '$10', '$10', '$10', '$10', '$10', '$10', '$10', '$10', '$10', '$10', '$10', '$10', '$10', '$10', '$10', '$10', '$10', '$10', '$10', '$10', '$8', '$10', '$10', '$10', '$10', '$10', '$10', '$10', '$10', '$10', '$10', '$10', '$10', '$10', '$10', '$10', '$10', '$10', '$10', '$10', '$10', '$10', '$10', '$10', '$10', '$10', '$10', '$10', '$10', '$10', '$10', '$10', '$10', '$10', '$10', '$10', '$10', '$10', '$10', '$10', '$10', '$10', '$10', '$10', '$10', '$10', '$10', '$10', '$10', '$10', '$10', '$10', '$10', '$10', '$10', '$10', '$10', '$10', '$10', '$10', '$10', '$10', '$10', '$10', '$10', '$10', '$10', '$10', '$10', '$10']",100
TU_1_1_2_2,1.0,gpt-3.5-turbo,0,10,stranger,"['$10', '$10', '$10', '$10', '$10', '$10', '$10', '$10', '$10', '$10', '$10', '$10', '$10', '$10', '$10', '$10', '$10', '$10', '$10', '$10', '$10', '$10', '$10', '$10', '$10', '$10', '$10', '$10', '$10', '$10', '$10', '$10', '$10', '$10', '$8', '$10', '$10', '$10', '$10', '$10', '$10', '$10', '$10', '$10', '$10', '$10', '$10', '$10', '$10', '$10', '$10', '$10', '$10', '$10', '$10', '$10', '$10', '$10', '$10', '$10', '$8', '$10', '$10', '$10', '$10', '$10', '$10', '$10', '$10', '$10', '$10', '$10', '$10', '$10', '$10', '$10', '$10', '$10', '$10', '$10', '$10', '$10', '$10', '$10', '$10', '$10', '$10', '$10', '$10', '$10', '$10', '$10', '$10', '$10', '$10', '$10', '$10', '$10', '$10', '$10']",100
TU_1_1_2_2,1.5,gpt-3.5-turbo,0,10,stranger,"['$10', '$10', '$10', '$10', '$10', '$10', '$10', '$10', '$8', '$10', '$10', '$10', '$10', '$10', '$10', '$10', '$10', '$10', '$10', '$10', '$10', '$10', '$10', '$10', '$10', '$10', '$10', '$8', '$10', '$10', '$8', '$5', '$10', '$10', '$10', '$10', '$10', '$10', '$10', '$10', '$12', '$10', '$10', '$10', '$10', '$10', '$10', '$10', '$10', '$10', '$10', '$10', '$10', '$10', '$10', '$10', '$10', '$15', '$10', '$10', '$10', '$10', '10 dollars', '$7', '$10', '$5', '$10', '$10', '$10', '$10', '$10', '$10', '$10', '$10', '$10', '""$10', '$10', '$15', '$10', '$10', '$10', '$10', '$8', '$10', '$10', '$10', 'I would', '$10', '$10', '$10', '$10', '$10', '$10', '$10', '$10', '$10', '$10', '$10', '$10', '$10']",97
TU_2_1_2_2,0.5,gpt-4-1106-preview,0,10,stranger,"['$10', '$10', '$10', '$10', '$10', '$10', '$10', '$10', '$10', '$10', '$10', '$10', '$10', '$10', '$10', '$10', '$10', '$10', '$10', '$10', '$10', '$10', '$10', '$10', '$10', '$10', '$10', '$10', '$10', '$10', '$10', '$10', '$10', '$10', '$10', '$10', '$10', '$10', '$10', '$10', '$10', '$10', '$10', '$10', '$10', '$10', '$10', '$10', '$10', '$10']",50
TU_2_1_2_2,1.0,gpt-4-1106-preview,0,10,stranger,"['$10', '$10', '$10', '$10', '$10', '$10', '$10', '$10', '$10', '$10', '$10', '$10', '$10', '$10', '$10', '$10', '$10', '$10', '$10', '$10', '$10', '$10', '$10', '$10', '$10', '$10', '$10', '$10', '$10', '$10', '$10', '$10', '$10', '$10', '$10', '$10', '$10', '$10', '$10', '$10', '$10', '$10', '$10', '$10', '$10', '$10', '$10', '$10', '$10', '$10']",50
TU_2_1_2_2,1.5,gpt-4-1106-preview,0,10,stranger,"['$10', '$10', '$10', '$10', '$10', '$10', '$10', '$10', '$10', '$10', '$10', '$10', '$10', '$10', '$10', '$10', '$10', '$10', '$10', '$10', '$10', '$10', '$10', '$10', '$10', '$10', '$10', '$10', '$10', '$10', '$10', '$10', '$10', '$10', '$10', '$10', '$10', '$10', '$10', '$10', '$10', '$10', '$10', '$10', '$10', '$10', '$10', '$10', '$10', '$10']",50
TU_3_1_2_2,0.5,llama-2-70b,0,10,stranger,"['$15', '$15', '$15', '$15', '$15', '$15', '$15', '$15', '$15', '$15', '$15', '$15', '$15', '$15', '$15', '$15', '$15', '$15', '$15', '$15', '$15', '$15', '$15', '$15', '$15', '$15', '$15', '$15', '$15', '$15', '$15', '$15', '$15', '$15', '$15', '$15', '$15', '$15', '$15', '$15', '$15', '$15', '$15', '$15', '$15', '$15', '$15', '$15', '$15', '$15']",50
TU_3_1_2_2,1.0,llama-2-70b,0,10,stranger,"['$15', '$15', '$15', '$15', '$15', '$15', '$15', '$15', '$15', '$15', '$15', '$15', '$15', '$15', '$15', '$15', '$15', '$15', '$15', '$15', '$15', '$15', '$15', '$15', '$15', '$15', '$15', '$15', '$15', '$15', '$15', '$15', '$15', '$15', '$15', '$15', '$15', '$15', '$15', '$15', '$15', '$15', '$15', '$15', '$15', '$15', '$15', '$15', '$15', '$15']",50
TU_3_1_2_2,1.5,llama-2-70b,0,10,stranger,"['$15', '$15', '$15', '$15', '$15', '$15', '$15', '$15', '$15', '$15', '$15', '$15', '$15', '$15', '$15', '$15', '$15', '$15', '$15', '$15', '$15', '$15', '$15', '$15', '$15', '$15', '$15', '$15', '$15', '$15', '$15', '$15', '$15', '$15', '$15', '$15', '$15', '$15', '$15', '$15', '$15', '$15', '$15', '$15', '$15', '$15', '$15', '$15', '$15', '$15']",50
TU_1_2_1_1,0.5,gpt-3.5-turbo,5,5,friend,"['$5', '$5', '$5', '$5', '$5', '$5', '$5', '$5', '$5', '$5', '$5', '$5', '$5', '$5', '$5', '$5', '$5', '$5', '$5', '$5', '$5', '$5', '$5', '$5', '$5', '$5', '$5', '$5', '$5', '$5', '$5', '$5', '$5', '$5', '$5', '$5', '$5', '$5', '$5', '$5', '$5', '$5', '$5', '$5', '$5', '$5', '$5', '$5', '$5', '$5', '$5', '$5', '$5', '$5', '$5', '$5', '$5', '$5', '$5', '$5', '$5', '$5', '$5', '$5', '$5', '$5', '$5', '$5', '$5', '$5', '$5', '$5', '$5', '$5', '$5', '$5', '$5', '$5', '$5', '$5', '$5', '$5', '$5', '$5', '$5', '$5', '$5', '$5', '$5', '$5', '$5', '$5', '$5', '$5', '$5', '$5', '$5', '$5', '$5', '$5']",100
TU_1_2_1_1,1.0,gpt-3.5-turbo,5,5,friend,"['$5', '$5', '$5', '$5', '$5', '$5', '$5', '$5', '$5', '$5', '$5', '$5', '$5', '$5', '$5', '$5', '$5', '$5', '$5', '$5', '$5', '$5', '$0', '$5', '$5', '$5', '$5', '$0', '$5', '$5', '$5', '$5', '$5', '$5', '$5', '$5', '$5', '$5', '$5', '$5', '$5', '$5', '$5', '$5', '$5', '$5', '$5', '$5', '$5', '$5', '$5', '$5', '$5', '$5', '$0', '$5', '$5', '$5', '$0', '$5', '$5', '$5', '$5', '$5', '$5', '$5', '$5', '$5', '$5', '$5', '$5', '$5', '$5', '$5', '$5', '$5', '$5', '$5', '$5', '$5', '$5', '$5', '$5', '$5', '$5', '$5', '$5', '$5', '$5', '$5', '$5', '$5', '$5', '$5', '$5', '$5', '$5', '$5', '$5', '$5']",100
TU_1_2_1_1,1.5,gpt-3.5-turbo,5,5,friend,"['$5', '$5', '$5', '$5', '$5', '$5', '$5', '$5', '$5', '$5', '$5', '$5', '$5', '$5', '$5', '$5', '$5', '$5', '$5', '$5', '$0', '$5', '$5', '$5', '$5', '$0', '$5', '$5', '$5', '$5', '$5', '$5', '$5', '$5', '$0', '$5', '$5', '$5', '$5', '$5', '$5', '$5', '$0', '$5', '$5', '$5', '$5', '$0', '$5', '$0', '$5', '$5', '$5', '$5', '$5', '$5', '$5', '$5', '$5', '$5', '$0', '$5', '$5', '$5', '$5', '$5', '$5', '$5', '$5', '$5', '$0', '$5', '$5', '$5', '$5', '$5', '$5', '$5', '$5', '$5', 'I would', '$5', '$5', '$5', '$5', '$5', '$5', '$5', '(answer given', '$5', '$5', '$5', '$5', '$5', '$2', '$5', '$5', '$5', '$5', 'Answer:']",97
TU_2_2_1_1,0.5,gpt-4-1106-preview,5,5,friend,"['$5', '$5', '$5', '$5', '$5', '$5', '$5', '$5', '$5', '$5', '$5', '$5', '$5', '$5', '$5', '$5', '$5', '$5', '$5', '$5', '$5', '$5', '$5', '$5', '$5', '$5', '$5', '$5', '$5', '$5', '$5', '$5', '$5', '$5', '$5', '$5', '$5', '$5', '$5', '$5', '$5', '$5', '$5', '$5', '$5', '$5', '$5', '$5', '$5', '$5']",50
TU_2_2_1_1,1.0,gpt-4-1106-preview,5,5,friend,"['$5', '$5', '$5', '$5', '$5', '$5', '$5', '$5', '$5', '$5', '$5', '$5', '$5', '$5', '$5', '$5', '$5', '$5', '$5', '$5', '$5', '$5', '$5', '$5', '$5', '$5', '$5', '$5', '$5', '$5', '$5', '$5', '$5', '$5', '$5', '$5', '$5', '$5', '$5', '$5', '$5', '$5', '$5', '$5', '$5', '$5', '$5', '$5', '$5', '$5']",50
TU_2_2_1_1,1.5,gpt-4-1106-preview,5,5,friend,"['$5', '$5', '$5', '$5', '$5', '$5', '$5', '$5', '$5', '$5', '$5', '$5', '$5', '$5', '$5', '$5', '$5', '$5', '$5', '$5', '$5', '$5', '$5', '$5', '$5', '$5', '$5', '$5', '$5', '$5', '$5', '$5', '$5', '$5', '$5', '$5', '$5', '$5', '$5', '$5', '$5', '$5', '$5', '$5', '$5', '$5', '$5', '$5', '$5', '$5']",50
TU_3_2_1_1,0.5,llama-2-70b,5,5,friend,"['$10', '$10', '$10', '$10', '$10', '$10', '$10', '$10', '$10', '$10', '$10', '$10', '$10', '$10', '$10', '$10', '$10', '$10', '$10', '$10', '$10', '$10', '$10', '$10', '$10', '$10', '$10', '$10', '$10', '$10', '$10', '$10', '$10', '$10', '$10', '$10', '$10', '$10', '$10', '$10', '$10', '$10', '$10', '$10', '$10', '$10', '$10', '$10', '$10', '$10']",50
TU_3_2_1_1,1.0,llama-2-70b,5,5,friend,"['$10', '$10', '$10', '$10', '$10', '$10', '$10', '$10', '$10', '$10', '$10', '$10', '$10', '$10', '$10', '$10', '$10', '$10', '$10', '$10', '$10', '$10', '$10', '$10', '$10', '$10', '$10', '$10', '$10', '$10', '$10', '$10', '$10', '$10', '$10', '$10', '$10', '$10', '$10', '$10', '$10', '$10', '$10', '$10', '$10', '$10', '$10', '$10', '$10', '$10']",50
TU_3_2_1_1,1.5,llama-2-70b,5,5,friend,"['$10', '$10', '$10', '$10', '$10', '$10', '$10', '$10', '$10', '$10', '$10', '$10', '$10', '$10', '$10', '$10', '$10', '$10', '$10', '$10', '$10', '$10', '$10', '$10', '$10', '$10', '$10', '$10', '$10', '$10', '$10', '$10', '$10', '$10', '$10', '$10', '$10', '$10', '$10', '$10', '$10', '$10', '$10', '$10', '$10', '$10', '$10', '$10', '$10', '$10']",50
TU_1_2_1_2,0.5,gpt-3.5-turbo,5,5,stranger,"['$10', '$10', '$5', '$5', '$5', '$10', '$5', '$5', '$5', '$5', '$5', '$5', '$10', '$5', '$5', '$5', '$5', '$5', '$5', '$10', '$5', '$5', '$5', '$5', '$5', '$5', '$10', '$5', '$5', '$5', '$5', '$5', '$5', '$10', '$5', '$5', '$5', '$5', '$5', '$10', '$5', '$5', '$5', '$5', '$5', '$10', '$5', '$5', '$5', '$5', '$5', '$5', '$5', '$5', '$5', '$5', '$5', '$5', '$5', '$5', '$5', '$10', '$5', '$5', '$5', '$5', '$5', '$5', '$10', '$5', '$5', '$5', '$5', '$5', '$5', '$5', '$5', '$10', '$10', '$5', '$5', '$5', '$5', '$5', '$5', '$5', '$5', '$5', '$5', '$10', '$5', '$5', '$5', '$5', '$5', '$5', '$5', '$5', '$5', '$5']",100
TU_1_2_1_2,1.0,gpt-3.5-turbo,5,5,stranger,"['$10', '$5', '$5', '$5', '$10', '$10', '$20', '$5', '$5', '$5', '$5', '$5', '$5', '$10', '$5', '$5', '$10', '$5', '$5', '$5', '$10', '$5', '$5', '$5', '$5', '$5', '$10', '$5', '$5', '$5', '$5', '$5', '$10', '$5', '$5', '$5', '$5', '$10', '$5', '$10', '$5', '$10', '$10', '$5', '$5', '$5', '$5', '$5', '$20', '$5', '$5', '$5', '$5', '$5', '$5', '$5', '$15', '$5', '$5', '$20', '$5', '$5', '$5', '$5', '$5', '$5', '$5', '$5', '$5', '$5', '$5', '$5', '$5', '$20', '$5', '$5', '$5', '$10', '$10', '$5', '$5', '$5', '$10', '$5', '$10', '$10', '$5', '$5', '$5', '$10', '$5', '$5', '$5', '$5', '$5', '$5', '$10', '$10', '$5', '$5']",100
TU_1_2_1_2,1.5,gpt-3.5-turbo,5,5,stranger,"['$5', '$10', '$10', '$10', '$5', '$5', '$5', '$551', '$10', '$5', '$5', '$90', '$10', 'StopTier', '$5', '$10', '$15', '$5', '$5', '$5', '$50', '$20', '$100', '$5', '$5', '$10', '$10', '$5', '$5', '$10', '$10', '$5', '$10', '$5', '$5', '$5', '$5', '$5', '$5', '$5', '$10', '$5', '$5', '$5', '$5', '$5', '$5', '$20', 'TIP', '$10', '$5', '$7', '$5', '$5', '$10', '$5', 'Answer:', '$8', '$10', '$125', '$5', '$5', '$8', '$10', '$20', '$7', '$10', '$5', '$10', '$5', '$$$205', '$5', '$10', '$8', '$5', '$5', '$5', '$20', '$15', '$5', '$5', '$125', '$10', '$20', '$5', '$5', '$5', '$8', '$5', '$10', '$10', 'Please note', '$10', '$5', '$10', '$5', 'As an', '$5', '$5', '$7']",95
TU_2_2_1_2,0.5,gpt-4-1106-preview,5,5,stranger,"['$5', '$5', '$5', '$5', '$5', '$5', '$5', '$5', '$5', '$5', '$5', '$5', '$5', '$5', '$5', '$5', '$5', '$5', '$5', '$5', '$5', '$5', '$5', '$5', '$5', '$5', '$5', '$5', '$5', '$5', '$5', '$5', '$5', '$5', '$5', '$5', '$5', '$5', '$5', '$5', '$5', '$5', '$5', '$5', '$5', '$5', '$5', '$5', '$5', '$5']",50
TU_2_2_1_2,1.0,gpt-4-1106-preview,5,5,stranger,"['$5', '$5', '$5', '$5', '$5', '$5', '$5', '$5', '$5', '$5', '$5', '$5', '$5', '$5', '$5', '$5', '$5', '$5', '$5', '$5', '$5', '$5', '$5', '$5', '$5', '$5', '$5', '$5', '$5', '$5', '$5', '$5', '$5', '$5', '$5', '$5', '$5', '$5', '$5', '$5', '$5', '$5', '$5', '$5', '$5', '$5', '$5', '$5', '$5', '$5']",50
TU_2_2_1_2,1.5,gpt-4-1106-preview,5,5,stranger,"['$5', '$5', '$5', '$5', '$5', '$5', '$5', '$5', '$5', '$5', '$5', '$5', '$5', '$5', '$5', '$5', '$5', '$5', '$5', '$5', '$5', '$5', '$5', '$5', '$5', '$5', '$5', '$5', '$5', '$5', '$5', '$5', '$5', '$5', '$5', '$5', '$5', '$5', '$5', '$5', '$5', '$5', '$5', '$5', '$5', '$5', '$5', '$5', '$5', '$5']",50
TU_3_2_1_2,0.5,llama-2-70b,5,5,stranger,"['$10', '$10', '$10', '$10', '$10', '$10', '$10', '$10', '$10', '$10', '$10', '$10', '$10', '$10', '$10', '$10', '$10', '$10', '$10', '$10', '$10', '$10', '$10', '$10', '$10', '$10', '$10', '$10', '$10', '$10', '$10', '$10', '$10', '$10', '$10', '$10', '$10', '$10', '$10', '$10', '$10', '$10', '$10', '$10', '$10', '$10', '$10', '$10', '$10', '$10']",50
TU_3_2_1_2,1.0,llama-2-70b,5,5,stranger,"['$10', '$10', '$10', '$10', '$10', '$10', '$10', '$10', '$10', '$10', '$10', '$10', '$10', '$10', '$10', '$10', '$10', '$10', '$10', '$10', '$10', '$10', '$10', '$10', '$10', '$10', '$10', '$10', '$10', '$10', '$10', '$10', '$10', '$10', '$10', '$10', '$10', '$10', '$10', '$10', '$10', '$10', '$10', '$10', '$10', '$10', '$10', '$10', '$10', '$10']",50
TU_3_2_1_2,1.5,llama-2-70b,5,5,stranger,"['$10', '$10', '$10', '$10', '$10', '$10', '$10', '$10', '$10', '$10', '$10', '$10', '$10', '$10', '$10', '$10', '$10', '$10', '$10', '$10', '$10', '$10', '$10', '$10', '$10', '$10', '$10', '$10', '$10', '$10', '$10', '$10', '$10', '$10', '$10', '$10', '$10', '$10', '$10', '$10', '$10', '$10', '$10', '$10', '$10', '$10', '$10', '$10', '$10', '$10']",50
TU_1_2_2_1,0.5,gpt-3.5-turbo,5,10,friend,"['$5', '$5', '$5', '$5', '$5', '$5', '$5', '$5', '$5', '$5', '$5', '$5', '$5', '$5', '$5', '$5', '$5', '$5', '$5', '$5', '$5', '$5', '$5', '$5', '$5', '$5', '$5', '$5', '$5', '$5', '$5', '$5', '$5', '$5', '$5', '$5', '$5', '$5', '$5', '$5', '$5', '$5', '$5', '$5', '$5', '$5', '$5', '$5', '$5', '$5', '$5', '$5', '$5', '$5', '$5', '$5', '$5', '$5', '$5', '$5', '$5', '$5', '$5', '$5', '$5', '$5', '$5', '$5', '$5', '$5', '$5', '$5', '$5', '$5', '$5', '$5', '$5', '$5', '$5', '$5', '$5', '$5', '$5', '$5', '$5', '$5', '$5', '$5', '$5', '$5', '$5', '$5', '$5', '$5', '$5', '$5', '$5', '$5', '$5', '$5']",100
TU_1_2_2_1,1.0,gpt-3.5-turbo,5,10,friend,"['$5', '$5', '$5', '$5', '$5', '$5', '$5', '$5', '$5', '$5', '$5', '$5', '$5', '$5', '$5', '$5', '$5', '$5', '$5', '$5', '$5', '$5', '$5', '$5', '$5', '$5', '$5', '$5', '$5', '$5', '$5', '$5', '$5', '$5', '$5', '$5', '$5', '$5', '$5', '$5', '$5', '$5', '$5', '$5', '$5', '$5', '$5', '$5', '$5', '$5', '$5', '$5', '$5', '$5', '$5', '$5', '$5', '$5', '$5', '$5', '$5', '$5', '$5', '$5', '$5', '$5', '$5', '$5', '$5', '$5', '$5', '$5', '$5', '$5', '$5', '$8', '$5', '$5', '$5', '$10', '$5', '$5', '$5', '$5', '$5', '$5', '$5', '$5', '$5', '$5', '$5', '$5', '$5', '$5', '$5', '$5', '$5', '$5', '$5', '$5']",100
TU_1_2_2_1,1.5,gpt-3.5-turbo,5,10,friend,"['$5', '$5', '$5', '$5', '$5', '$5', '$5', '$5', '$5', '$5', '$5', '$5', '$5', '$5', '$10', '$5', '$5', 'I would', '$5', '$7', '$7', '$5', '$5', '$5', '$5', '$5', '$5', '$5', '$5', '$5', '$5', '$5', '$5', '$10', '$5', '$5', '$5', '$5', '$5', '$5', '$5', '$5', '$5', '$5', '$5', '$5', '$5', '$5', '$5', '$5', '$5', '$5', '$5', '$5', '$5', '$5', '$5', '$5', '$5', '$5', '$5', '$5', '$5', '$5', '$5', '$5', '$5', '$5', '$10', '$7', '$5', '$5', '$5', '$5', '$5', '$5', '$5', '$5', '$5', '$5', '$10', '$5', '$5', '$5', '$5', '$5', '$5', '$5', '$5', '$5', '$5', '$5', '$5', '$5', '$5', '$7', '$5', '$5', '$5', '$5']",99
TU_2_2_2_1,0.5,gpt-4-1106-preview,5,10,friend,"['$5', '$5', '$5', '$5', '$5', '$5', '$5', '$5', '$5', '$5', '$5', '$5', '$5', '$5', '$5', '$5', '$5', '$5', '$5', '$5', '$5', '$5', '$5', '$5', '$5', '$5', '$5', '$5', '$5', '$5', '$5', '$5', '$5', '$5', '$5', '$5', '$5', '$5', '$5', '$5', '$5', '$5', '$5', '$5', '$5', '$5', '$5', '$5', '$5', '$5']",50
TU_2_2_2_1,1.0,gpt-4-1106-preview,5,10,friend,"['$5', '$5', '$5', '$5', '$5', '$5', '$5', '$5', '$5', '$5', '$5', '$5', '$5', '$5', '$5', '$5', '$5', '$5', '$5', '$5', '$5', '$5', '$5', '$5', '$5', '$5', '$5', '$5', '$5', '$5', '$5', '$5', '$5', '$5', '$5', '$5', '$5', '$5', '$5', '$5', '$5', '$5', '$5', '$5', '$5', '$5', '$5', '$5', '$5', '$5']",50
TU_2_2_2_1,1.5,gpt-4-1106-preview,5,10,friend,"['$5', '$5', '$5', '$5', '$5', '$5', '$5', '$5', '$5', '$5', '$5', '$5', '$5', '$5', '$5', '$5', '$5', '$5', '$5', '$5', '$5', '$5', '$5', '$5', '$5', '$5', '$5', '$5', '$5', '$5', '$5', '$5', '$5', '$5', '$5', '$5', '$5', '$5', '$5', '$5', '$5', '$5', '$5', '$5', '$5', '$5', '$5', '$5', '$5', '$5']",50
TU_3_2_2_1,0.5,llama-2-70b,5,10,friend,"['$15', '$15', '$15', '$15', '$15', '$15', '$15', '$15', '$15', '$15', '$15', '$15', '$15', '$15', '$15', '$15', '$15', '$15', '$15', '$15', '$15', '$15', '$15', '$15', '$15', '$15', '$15', '$15', '$15', '$15', '$15', '$15', '$15', '$15', '$15', '$15', '$15', '$15', '$15', '$15', '$15', '$15', '$15', '$15', '$15', '$15', '$15', '$15', '$15', '$15']",50
TU_3_2_2_1,1.0,llama-2-70b,5,10,friend,"['$15', '$15', '$15', '$15', '$15', '$15', '$15', '$15', '$15', '$15', '$15', '$15', '$15', '$15', '$15', '$15', '$15', '$15', '$15', '$15', '$15', '$15', '$15', '$15', '$15', '$15', '$15', '$15', '$15', '$15', '$15', '$15', '$15', '$15', '$15', '$15', '$15', '$15', '$15', '$15', '$15', '$15', '$15', '$15', '$15', '$15', '$15', '$15', '$15', '$15']",50
TU_3_2_2_1,1.5,llama-2-70b,5,10,friend,"['$15', '$15', '$15', '$15', '$15', '$15', '$15', '$15', '$15', '$15', '$15', '$15', '$15', '$15', '$15', '$15', '$15', '$15', '$15', '$15', '$15', '$15', '$15', '$15', '$15', '$15', '$15', '$15', '$15', '$15', '$15', '$15', '$15', '$15', '$15', '$15', '$15', '$15', '$15', '$15', '$15', '$15', '$15', '$15', '$15', '$15', '$15', '$15', '$15', '$15']",50
TU_1_2_2_2,0.5,gpt-3.5-turbo,5,10,stranger,"['$10', '$10', '$10', '$10', '$10', '$10', '$10', '$10', '$10', '$10', '$10', '$10', '$10', '$10', '$10', '$10', '$10', '$10', '$10', '$10', '$10', '$10', '$10', '$10', '$10', '$10', '$10', '$10', '$10', '$10', '$10', '$10', '$10', '$10', '$10', '$10', '$10', '$10', '$10', '$10', '$10', '$10', '$10', '$10', '$10', '$10', '$10', '$10', '$10', '$10', '$10', '$10', '$10', '$10', '$10', '$10', '$10', '$10', '$10', '$10', '$10', '$10', '$10', '$10', '$10', '$10', '$10', '$10', '$10', '$10', '$10', '$10', '$10', '$10', '$10', '$10', '$10', '$10', '$10', '$10', '$10', '$10', '$10', '$10', '$10', '$10', '$10', '$10', '$10', '$10', '$10', '$10', '$10', '$10', '$10', '$10', '$10', '$10', '$10', '$10']",100
TU_1_2_2_2,1.0,gpt-3.5-turbo,5,10,stranger,"['$10', '$10', '$10', '$10', '$10', '$10', '$10', '$10', '$10', '$10', '$10', '$5', '$10', '$10', '$10', '$10', '$10', '$10', '$10', '$10', '$10', '$10', '$10', '$10', '$10', '$10', '$10', '$10', '$10', '$8', '$10', '$10', '$10', '$10', '$10', '$10', '$10', '$10', '$10', '$10', '$10', '$10', '$10', '$10', '$10', '$10', '$10', '$10', '$10', '$10', '$10', '$10', '$10', '$10', '$10', '$10', '$10', '$10', '$10', '$10', '$10', '$10', '$10', '$10', '$10', '$10', '$10', '$10', '$10', '$10', '$10', '$10', '$10', '$10', '$10', '$10', '$10', '$10', '$10', '$10', '$10', '$10', '$10', '$10', '$10', '$10', '$10', '$10', '$10', '$10', '$10', '$10', '$10', '$10', '$10', '$10', '$10', '$10', '$10', '$10']",100
TU_1_2_2_2,1.5,gpt-3.5-turbo,5,10,stranger,"['$10', '$10', '$10', '$10', '$10', '$10', '$10', '$10', '$10', '$7', '$15', '$10', '$10', '$10', '$10', '$10', '$10', '$10', '$10', '$10', '$10', 'I would', '$10', '$10', '$10', '$10', '$10', '$10', '$10', '$10', '$10', '$10', '$10', '$10', '$5', '$10', '$10', '$10', '$10', '$10', '$10', '$10', '$10', '$12', '$10', '$10', '$10', 'The price', '$10', '$10', '$10', '$8', '$10', '$10', '$10', '$10', '$10', '$5', '$10', '$10', 'I would', '$10', '$5', '$10', '$10', '$10', '$10', '$10', '$10', '$10', '10.', '$10', '$10', '$10', '$10', '$10', '$10', '$10', '$10', '$5', '$10', '$10', '$10', '$10', '$10', '$10', '$10', '$10', '$10', '$10', '$10', '$10', '$10', '$10', '$10', '$10', '$10', '$10', '$10', '$10']",96
TU_2_2_2_2,0.5,gpt-4-1106-preview,5,10,stranger,"['$10', '$10', '$10', '$10', '$10', '$10', '$10', '$10', '$10', '$10', '$10', '$10', '$10', '$10', '$10', '$10', '$10', '$10', '$10', '$10', '$10', '$10', '$10', '$10', '$10', '$10', '$10', '$10', '$10', '$10', '$10', '$10', '$10', '$10', '$10', '$10', '$10', '$10', '$10', '$10', '$10', '$10', '$10', '$10', '$10', '$10', '$10', '$10', '$10', '$10']",50
TU_2_2_2_2,1.0,gpt-4-1106-preview,5,10,stranger,"['$10', '$10', '$10', '$10', '$10', '$10', '$10', '$10', '$10', '$10', '$10', '$10', '$10', '$10', '$10', '$10', '$10', '$10', '$10', '$10', '$10', '$10', '$10', '$10', '$10', '$10', '$10', '$10', '$10', '$10', '$10', '$10', '$10', '$10', '$10', '$10', '$10', '$10', '$10', '$10', '$10', '$10', '$10', '$10', '$10', '$10', '$10', '$10', '$10', '$10']",50
TU_2_2_2_2,1.5,gpt-4-1106-preview,5,10,stranger,"['$10', '$10', '$10', '$10', '$10', '$10', '$10', '$10', '$10', '$10', '$10', '$10', '$10', '$10', '$10', '$10', '$10', '$10', '$10', '$10', '$10', '$10', '$10', '$10', '$10', '$10', '$10', '$10', '$10', '$10', '$10', '$10', '$10', '$10', '$10', '$10', '$10', '$10', '$10', '$10', '$10', '$10', '$10', '$10', '$10', '$10', '$10', '$10', '$10', '$10']",50
TU_3_2_2_2,0.5,llama-2-70b,5,10,stranger,"['$15', '$15', '$15', '$15', '$15', '$15', '$15', '$15', '$15', '$15', '$15', '$15', '$15', '$15', '$15', '$15', '$15', '$15', '$15', '$15', '$15', '$15', '$15', '$15', '$15', '$15', '$15', '$15', '$15', '$15', '$15', '$15', '$15', '$15', '$15', '$15', '$15', '$15', '$15', '$15', '$15', '$15', '$15', '$15', '$15', '$15', '$15', '$15', '$15', '$15']",50
TU_3_2_2_2,1.0,llama-2-70b,5,10,stranger,"['$15', '$15', '$15', '$15', '$15', '$15', '$15', '$15', '$15', '$15', '$15', '$15', '$15', '$15', '$15', '$15', '$15', '$15', '$15', '$15', '$15', '$15', '$15', '$15', '$15', '$15', '$15', '$15', '$15', '$15', '$15', '$15', '$15', '$15', '$15', '$15', '$15', '$15', '$15', '$15', '$15', '$15', '$15', '$15', '$15', '$15', '$15', '$15', '$15', '$15']",50
TU_3_2_2_2,1.5,llama-2-70b,5,10,stranger,"['$15', '$15', '$15', '$15', '$15', '$15', '$15', '$15', '$15', '$15', '$15', '$15', '$15', '$15', '$15', '$15', '$15', '$15', '$15', '$15', '$15', '$15', '$15', '$15', '$15', '$15', '$15', '$15', '$15', '$15', '$15', '$15', '$15', '$15', '$15', '$15', '$15', '$15', '$15', '$15', '$15', '$15', '$15', '$15', '$15', '$15', '$15', '$15', '$15', '$15']",50
TU_1_3_1_1,0.5,gpt-3.5-turbo,10,5,friend,"['$5', '$5', '$5', '$5', '$5', '$5', '$5', '$5', '$5', '$5', '$5', '$5', '$5', '$5', '$5', '$5', '$5', '$5', '$5', '$5', '$5', '$5', '$5', '$5', '$5', '$5', '$5', '$5', '$5', '$5', '$5', '$5', '$5', '$5', '$5', '$5', '$5', '$5', '$5', '$5', '$5', '$5', '$5', '$5', '$5', '$5', '$5', '$5', '$5', '$5', '$5', '$5', '$5', '$5', '$5', '$5', '$5', '$5', '$5', '$5', '$5', '$5', '$5', '$5', '$5', '$5', '$5', '$5', '$5', '$5', '$5', '$5', '$5', '$5', '$5', '$5', '$5', '$5', '$5', '$5', '$5', '$5', '$5', '$5', '$5', '$5', '$5', '$5', '$5', '$5', '$5', '$5', '$5', '$5', '$5', '$5', '$5', '$5', '$5', '$5']",100
TU_1_3_1_1,1.0,gpt-3.5-turbo,10,5,friend,"['$5', '$5', '$5', '$5', '$5', '$5', '$5', '$5', '$5', '$5', '$5', '$10', '$5', '$5', '$5', '$5', '$5', '$5', '$5', '$5', '$5', '$5', '$5', '$5', '$5', '$5', '$5', '$5', '$5', '$5', '$5', '$5', '$5', '$5', '$5', '$5', '$5', '$5', '$5', '$5', '$5', '$5', '$5', '$5', '$5', '$5', '$5', '$5', '$5', '$5', '$5', '$5', '$5', '$5', '$5', '$5', '$5', '$5', '$5', '$5', '$5', '$5', '$0', '$5', '$5', '$5', '$5', '$5', '$5', '$5', '$5', '$5', '$5', '$5', '$5', '$5', '$5', '$5', '$5', '$5', '$5', '$5', '$5', '$5', '$10', '$5', '$5', '$5', '$5', '$5', '$5', '$5', '$5', '$5', '$5', '$5', '$5', '$5', '$5', '$5']",100
TU_1_3_1_1,1.5,gpt-3.5-turbo,10,5,friend,"['$5', '$5', '$5', '$10', '$5', '$5', '$5', '$5', '$5', '$5', '$5', '$5', '$5', '$5', '$5', '$5', '$5', '$10', '$10', '$5', '$5', '$5', '$10', '$5', '$5', '$5', '$5', '$5', '$5', '$5', '$5', '$5', '$5', '$5', '$5', '$5', '$5', '$5', '$5', '$5', '$5', '$5', '$5', '$5', '$10', '$5', '$5', '$5', '$10', '$5', 'Listing price', '$10', '$5', '$5', '$5', '$5', '$5', '$5', '$5', '$5', '$5', '$5', '$5', '$5', '$5', '$5', '$5', '$10', '$5', '$5', '$5', '$5', '$5', '$10', '$5', '$5', '$5', '$5', '$5', '$5', '$5', '$5', '$5', '$5', '$5', '$5', '$5', '$5', '$5', '$5', '$5', '$5', '$5', '$5', '$5', '$5', '$5', '$5', '$5', '$5']",99
TU_2_3_1_1,0.5,gpt-4-1106-preview,10,5,friend,"['$10', '$5', '$5', '$5', '$5', '$5', '$5', '$5', '$5', '$5', '$5', '$10', '$5', '$5', '$5', '$5', '$5', '$5', '$5', '$5', '$5', '$5', '$5', '$10', '$10', '$5', '$5', '$5', '$5', '$5', '$5', '$5', '$10', '$5', '$5', '$10', '$5', '$5', '$5', '$5', '$5', '$5', '$5', '$5', '$5', '$10', '$10', '$5', '$5', '$5']",50
TU_2_3_1_1,1.0,gpt-4-1106-preview,10,5,friend,"['$5', '$5', '$10', '$10', '$5', '$5', '$5', '$10', '$5', '$5', '$10', '$10', '$5', '$0', '$10', '$5', '$5', '$5', '$5', '$10', '$5', '$10', '$5', '$0', '$5', '$5', '$5', '$10', '$5', '$5', '$5', '$10', '$5', '$5', '$5', '$10', '$10', '$5', '$5', '$5', '$0', '$5', '$5', '$5', '$10', '$10', '$5', '$10', '$5', '$5']",50
TU_2_3_1_1,1.5,gpt-4-1106-preview,10,5,friend,"['$5', '$10', '$5', '$5', '$5', '$5', '$5', '$5', '$5', '$5', '$5', '$5', '$10', '$10', '$10', '$0', '$10', '$5', '$5', '$5', '$5', '$10', '$0', '$10', '$5', '$5', '$5', '$5', '$5', '$5', '$5', '$5', '$10', '$5', '$5', '$5', '$10', '$5', '$5', '$5', '$10', '$5', '$5', '$5', '$10', '$5', '$5', '$5', '$5', '$10']",50
TU_3_3_1_1,0.5,llama-2-70b,10,5,friend,"['$10', '$10', '$10', '$10', '$10', '$10', '$10', '$10', '$10', '$10', '$10', '$10', '$10', '$10', '$10', '$10', '$10', '$10', '$10', '$10', '$10', '$10', '$10', '$10', '$10', '$10', '$10', '$10', '$10', '$10', '$10', '$10', '$10', '$10', '$10', '$10', '$10', '$10', '$10', '$10', '$10', '$10', '$10', '$10', '$10', '$10', '$10', '$10', '$10', '$10']",50
TU_3_3_1_1,1.0,llama-2-70b,10,5,friend,"['$10', '$10', '$10', '$10', '$10', '$10', '$10', '$10', '$10', '$10', '$10', '$10', '$10', '$10', '$10', '$10', '$10', '$10', '$10', '$10', '$10', '$10', '$10', '$10', '$10', '$10', '$10', '$10', '$10', '$10', '$10', '$10', '$10', '$10', '$10', '$10', '$10', '$10', '$10', '$10', '$10', '$10', '$10', '$10', '$10', '$10', '$10', '$10', '$10', '$10']",50
TU_3_3_1_1,1.5,llama-2-70b,10,5,friend,"['$10', '$10', '$10', '$10', '$10', '$10', '$10', '$10', '$10', '$10', '$10', '$10', '$10', '$10', '$10', '$10', '$10', '$10', '$10', '$10', '$10', '$10', '$10', '$10', '$10', '$10', '$10', '$10', '$10', '$10', '$10', '$10', '$10', '$10', '$10', '$10', '$10', '$10', '$10', '$10', '$10', '$10', '$10', '$10', '$10', '$10', '$10', '$10', '$10', '$10']",50
TU_1_3_1_2,0.5,gpt-3.5-turbo,10,5,stranger,"['$5', '$5', '$5', '$5', '$10', '$5', '$5', '$5', '$5', '$5', '$5', '$5', '$10', '$5', '$5', '$5', '$5', '$5', '$5', '$5', '$5', '$5', '$5', '$5', '$5', '$5', '$5', '$5', '$5', '$5', '$10', '$5', '$5', '$5', '$5', '$5', '$5', '$5', '$5', '$5', '$5', '$5', '$5', '$5', '$5', '$5', '$5', '$5', '$5', '$5', '$5', '$10', '$5', '$5', '$5', '$5', '$5', '$5', '$10', '$5', '$5', '$5', '$5', '$5', '$5', '$5', '$10', '$5', '$5', '$5', '$5', '$5', '$5', '$5', '$5', '$5', '$5', '$5', '$10', '$5', '$5', '$5', '$5', '$5', '$5', '$5', '$5', '$5', '$10', '$5', '$5', '$5', '$5', '$5', '$5', '$5', '$5', '$5', '$5', '$5']",100
TU_1_3_1_2,1.0,gpt-3.5-turbo,10,5,stranger,"['$10', '$5', '$5', '$5', '$5', '$5', '$5', '$5', '$5', '$5', '$5', '$5', '$5', '$5', '$5', '$5', '$5', '$5', '$5', '$5', '$5', '$10', '$5', '$5', '$5', '$5', '$10', '$5', '$5', '$5', '$5', '$5', '$5', '$10', '$10', '$5', '$5', '$10', '$5', '$10', '$5', '$5', '$5', '$5', '$5', '$10', '$5', '$5', '$5', '$5', '$5', '$5', '$5', '$5', '$5', '$5', '$5', '$10', '$5', '$5', '$5', '$5', '$5', '$5', '$5', '$5', '$5', '$10', '$5', '$5', '$10', '$5', '$5', '$5', '$10', '$5', '$5', '$5', '$5', '$5', '$5', '$5', '$5', '$10', '$5', '$5', '$10', '$5', '$5', '$10', '$10', '$5', '$5', '$5', '$5', '$5', '$5', '$5', '$10', '$5']",100
TU_1_3_1_2,1.5,gpt-3.5-turbo,10,5,stranger,"['$5', '$5', '$10', '$5', '$5', '$10', '$10', '$5', '$5', '$5', '$5', '$5', '$5', '$10', '$9', '$10', '$5', '$5', '$5', '$5', '$5', '$9', '$10', '$5', '$10', '$5', '$10', '$5', '$5', '$5', '$5', '$10', '$5', '$5', '$5', '$5', '$10', '$5', '$5', '$5', 'I would', '$5', '$10', '$10', '$10', '$5', '$5', '$5', '$5', '$5', '$5', '$5', '$5', '$10', '$5', '$5', '$10', '$10', '$5', '$5', '$5', '$5', '$5', '$5', '$5', '$8', '$5', '$5', '$10', '$5', '$5', '$5', '$5', '$5', '$5', '$10', '$5', '$5', '$5', '$5', '$10', '$10', '$5', '$5', '$10', '$5', '$10', '$5', '$5', '$10', '$5', '$10', '$5', '$5', '$5', '$5', '$5', '$10', '$7', '$5']",99
TU_2_3_1_2,0.5,gpt-4-1106-preview,10,5,stranger,"['$10', '$10', '$10', '$10', '$10', '$10', '$10', '$10', '$10', '$10', '$10', '$10', '$10', '$10', '$10', '$10', '$10', '$10', '$10', '$10', '$10', '$10', '$10', '$10', '$10', '$10', '$10', '$10', '$10', '$10', '$10', '$10', '$10', '$10', '$10', '$10', '$10', '$10', '$10', '$10', '$10', '$10', '$10', '$10', '$10', '$10', '$10', '$10', '$10', '$10']",50
TU_2_3_1_2,1.0,gpt-4-1106-preview,10,5,stranger,"['$10', '$10', '$5', '$10', '$10', '$10', '$10', '$10', '$10', '$10', '$10', '$10', '$10', '$10', '$10', '$10', '$10', '$10', '$10', '$5', '$10', '$10', '$10', '$5', '$10', '$10', '$10', '$10', '$10', '$10', '$10', '$10', '$10', '$10', '$10', '$10', '$10', '$5', '$10', '$10', '$10', '$10', '$10', '$10', '$10', '$10', '$10', '$10', '$10', '$10']",50
TU_2_3_1_2,1.5,gpt-4-1106-preview,10,5,stranger,"['$10', '$5', '$10', '$10', '$10', '$10', '$10', '$5', '$10', '$10', '$10', '$10', '$10', '$10', '$10', '$5', '$10', '$5', '$10', '$10', '$10', '$5', '$10', '$10', '$10', '$5', '$5', '$10', '$5', '$5', '$10', '$10', '$10', '$10', '$10', '$10', '$10', '$10', '$10', '$10', '$10', '$10', '$10', '$10', '$10', '$5', '$10', '$10', '$10', '$10']",50
TU_3_3_1_2,0.5,llama-2-70b,10,5,stranger,"['$10', '$10', '$10', '$10', '$10', '$10', '$10', '$10', '$10', '$10', '$10', '$10', '$10', '$10', '$10', '$10', '$10', '$10', '$10', '$10', '$10', '$10', '$10', '$10', '$10', '$10', '$10', '$10', '$10', '$10', '$10', '$10', '$10', '$10', '$10', '$10', '$10', '$10', '$10', '$10', '$10', '$10', '$10', '$10', '$10', '$10', '$10', '$10', '$10', '$10']",50
TU_3_3_1_2,1.0,llama-2-70b,10,5,stranger,"['$10', '$10', '$10', '$10', '$10', '$10', '$10', '$10', '$10', '$10', '$10', '$10', '$10', '$10', '$10', '$10', '$10', '$10', '$10', '$10', '$10', '$10', '$10', '$10', '$10', '$10', '$10', '$10', '$10', '$10', '$10', '$10', '$10', '$10', '$10', '$10', '$10', '$10', '$10', '$10', '$10', '$10', '$10', '$10', '$10', '$10', '$10', '$10', '$10', '$10']",50
TU_3_3_1_2,1.5,llama-2-70b,10,5,stranger,"['$10', '$10', '$10', '$10', '$10', '$10', '$10', '$10', '$10', '$10', '$10', '$10', '$10', '$10', '$10', '$10', '$10', '$10', '$10', '$10', '$10', '$10', '$10', '$10', '$10', '$10', '$10', '$10', '$10', '$10', '$10', '$10', '$10', '$10', '$10', '$10', '$10', '$10', '$10', '$10', '$10', '$10', '$10', '$10', '$10', '$10', '$10', '$10', '$10', '$10']",50
TU_1_3_2_1,0.5,gpt-3.5-turbo,10,10,friend,"['$5', '$5', '$5', '$5', '$5', '$5', '$5', '$5', '$5', '$5', '$5', '$5', '$5', '$5', '$5', '$5', '$5', '$5', '$5', '$5', '$5', '$5', '$5', '$5', '$5', '$5', '$5', '$5', '$5', '$5', '$5', '$5', '$5', '$5', '$5', '$5', '$5', '$5', '$5', '$5', '$5', '$5', '$5', '$5', '$5', '$5', '$5', '$5', '$5', '$5', '$5', '$5', '$5', '$5', '$5', '$5', '$5', '$5', '$5', '$5', '$5', '$5', '$5', '$5', '$5', '$5', '$5', '$5', '$5', '$5', '$5', '$5', '$5', '$5', '$5', '$5', '$5', '$5', '$5', '$5', '$5', '$5', '$5', '$5', '$5', '$5', '$5', '$5', '$5', '$5', '$5', '$5', '$5', '$5', '$5', '$5', '$5', '$5', '$5', '$5']",100
TU_1_3_2_1,1.0,gpt-3.5-turbo,10,10,friend,"['$5', '$5', '$5', '$5', '$5', '$5', '$5', '$5', '$5', '$5', '$5', '$5', '$5', '$5', '$5', '$5', '$5', '$5', '$5', '$5', '$5', '$5', '$5', '$5', '$5', '$5', '$5', '$5', '$5', '$5', '$5', '$10', '$5', '$5', '$5', '$5', '$5', '$5', '$5', '$5', '$10', '$5', '$5', '$5', '$5', '$5', '$5', '$5', '$5', '$5', '$5', '$5', '$5', '$5', '$5', '$5', '$5', '$5', '$5', '$5', '$10', '$5', '$5', '$5', '$5', '$5', '$5', '$10', '$5', '$5', '$10', '$5', '$5', '$5', '$5', '$5', '$5', '$10', '$10', '$5', '$5', '$5', '$5', '$5', '$5', '$5', '$5', '$5', '$5', '$5', '$5', '$5', '$5', '$5', '$5', '$5', '$5', '$5', '$5', '$5']",100
TU_1_3_2_1,1.5,gpt-3.5-turbo,10,10,friend,"['$5', '$5', '$5', '$5', '$5', '$5', '$5', '$5', '$5', '$50', '$5', '$5', '$10', '$10', '$5', '$5', '$5', '$5', '$5', '$5', '$5', '$5', '$5', '$5', '$5', '$5', '$5', '$5', '$5', '$10', '$5', '$5', '$10', '$5', '$5', '$5', '10.', '$5', '$5', '$5', '$5', '$5', '$5', '$10', '$5', '$5', '$10', '$0', '$5', '$10', '$5', '$5', '$5', '$5', '$5', '$5', '$5', '$5', '$5', '$5', '$5', '$5', 'I ask', '$5', '$10', '$5', '$5', '$5', '$5', '$5', '$5', '$5', '$5', '$5', '$5', '$5', '$5', '$5', '5.', '$5', '$5', '$10', '$10', '$5', '$5', '$5', '$5', '$5', '$5', 'I would', '$5', '$5', '$5', '$5', '$5', '$5', '$5', '$5', '$5', '$10']",96
TU_2_3_2_1,0.5,gpt-4-1106-preview,10,10,friend,"['$10', '$10', '$10', '$10', '$10', '$10', '$10', '$10', '$10', '$10', '$10', '$10', '$10', '$10', '$10', '$10', '$10', '$10', '$10', '$10', '$10', '$10', '$10', '$10', '$10', '$10', '$10', '$10', '$10', '$10', '$10', '$10', '$10', '$10', '$10', '$10', '$10', '$10', '$10', '$10', '$10', '$10', '$10', '$10', '$10', '$10', '$10', '$10', '$10', '$10']",50
TU_2_3_2_1,1.0,gpt-4-1106-preview,10,10,friend,"['$10', '$10', '$10', '$10', '$10', '$10', '$10', '$10', '$10', '$10', '$10', '$10', '$10', '$10', '$10', '$10', '$10', '$10', '$10', '$10', '$10', '$10', '$10', '$10', '$10', '$10', '$10', '$10', '$10', '$10', '$10', '$10', '$10', '$10', '$10', '$10', '$10', '$10', '$10', '$10', '$10', '$10', '$10', '$10', '$10', '$10', '$10', '$10', '$10', '$10']",50
TU_2_3_2_1,1.5,gpt-4-1106-preview,10,10,friend,"['$10', '$10', '$10', '$5', '$10', '$10', '$5', '$10', '$10', '$10', '$10', '$10', '$10', '$10', '$10', '$10', '$10', '$10', '$5', '$10', '$10', '$10', '$10', '$10', '$0', '$10', '$5', '$10', '$10', '$10', '$5', '$10', '$5', '$0', '$0', '$10', '$10', '$10', '$10', '$10', '$5', '$10', '$10', '$10', '$10', '$10', '$10', '$10', '$5', '$5']",50
TU_3_3_2_1,0.5,llama-2-70b,10,10,friend,"['$15', '$15', '$15', '$15', '$15', '$15', '$15', '$15', '$15', '$15', '$15', '$15', '$15', '$15', '$15', '$15', '$15', '$15', '$15', '$15', '$15', '$15', '$15', '$15', '$15', '$15', '$15', '$15', '$15', '$15', '$15', '$15', '$15', '$15', '$15', '$15', '$15', '$15', '$15', '$15', '$15', '$15', '$15', '$15', '$15', '$15', '$15', '$15', '$15', '$15']",50
TU_3_3_2_1,1.0,llama-2-70b,10,10,friend,"['$15', '$15', '$15', '$15', '$15', '$15', '$15', '$15', '$15', '$15', '$15', '$15', '$15', '$15', '$15', '$15', '$15', '$15', '$15', '$15', '$15', '$15', '$15', '$15', '$15', '$15', '$15', '$15', '$15', '$15', '$15', '$15', '$15', '$15', '$15', '$15', '$15', '$15', '$15', '$15', '$15', '$15', '$15', '$15', '$15', '$15', '$15', '$15', '$15', '$15']",50
TU_3_3_2_1,1.5,llama-2-70b,10,10,friend,"['$15', '$15', '$15', '$15', '$15', '$15', '$15', '$15', '$15', '$15', '$15', '$15', '$15', '$15', '$15', '$15', '$15', '$15', '$15', '$15', '$15', '$15', '$15', '$15', '$15', '$15', '$15', '$15', '$15', '$15', '$15', '$15', '$15', '$15', '$15', '$15', '$15', '$15', '$15', '$15', '$15', '$15', '$15', '$15', '$15', '$15', '$15', '$15', '$15', '$15']",50
TU_1_3_2_2,0.5,gpt-3.5-turbo,10,10,stranger,"['$10', '$10', '$10', '$10', '$10', '$10', '$10', '$10', '$10', '$10', '$10', '$10', '$10', '$10', '$10', '$10', '$10', '$10', '$10', '$10', '$10', '$10', '$10', '$10', '$10', '$10', '$10', '$10', '$10', '$10', '$10', '$10', '$10', '$10', '$10', '$10', '$10', '$10', '$10', '$10', '$10', '$10', '$10', '$10', '$10', '$10', '$10', '$10', '$10', '$10', '$10', '$10', '$10', '$10', '$10', '$10', '$10', '$10', '$10', '$10', '$10', '$10', '$10', '$10', '$10', '$10', '$10', '$10', '$10', '$10', '$10', '$10', '$10', '$10', '$10', '$10', '$10', '$10', '$10', '$10', '$10', '$10', '$10', '$10', '$10', '$10', '$10', '$10', '$10', '$10', '$10', '$10', '$10', '$10', '$10', '$10', '$10', '$10', '$10', '$10']",100
TU_1_3_2_2,1.0,gpt-3.5-turbo,10,10,stranger,"['$10', '$10', '$10', '$10', '$10', '$10', '$10', '$10', '$10', '$10', '$10', '$10', '$10', '$10', '$10', '$10', '$10', '$10', '$10', '$10', '$10', '$10', '$15', '$10', '$10', '$10', '$10', '$10', '$10', '$10', '$10', '$10', '$10', '$10', '$10', '$10', '$10', '$10', '$10', '$10', '$10', '$10', '$10', '$10', '$10', '$10', '$10', '$10', '$10', '$10', '$10', '$10', '$10', '$10', '$10', '$10', '$10', '$10', '$10', '$10', '$10', '$10', '$10', '$10', '$10', '$10', '$10', '$10', '$10', '$10', '$10', '$10', '$10', '$10', '$10', '$10', '$10', '$10', '$10', '$10', '$10', '$10', '$10', '$10', '$10', '$10', '$10', '$10', '$10', '$10', '$10', '$10', '$10', '$10', '$10', '$10', '$10', '$10', '$15', '$10']",100
TU_1_3_2_2,1.5,gpt-3.5-turbo,10,10,stranger,"['$15', '$10', '$10', '$5', '$10', '$10', '$10', '$10', '$10', '$10', '$10', '$10', '$10', '$10', '$10', '$10', '$10', '$10', '$10', '$10', '$10', '$10', '$10', '$10', '$10', '$10', '$10', '$10', '$10', '$10', '$10', '$5', '$10', '$10', '$10', '$10', '$10', '$10', '$10', '$10', '$10', '$10', '$10', '$10', '$10', '$1', '$10', '$5', '$10', '$15', '$10', '$10', '$10', '$10', '10.', '$10', '$10', '$10', '$10', '$10', '$10', '$10', '$10', '$20', '$10', '$10', '$10', '$10', '$10', '$10', '$10', '$10', '$10', '$5', '$10', '$10', '$10', '$10', '$10', '$10', '$10', '$10', '10.', '$10', '$10', '$10', '$10', '$10', '$10', '$10', '$10', '$10', '$10', '$10', '$10', '$10', '$10', '$10', '$10', '$10']",98
TU_2_3_2_2,0.5,gpt-4-1106-preview,10,10,stranger,"['$10', '$10', '$10', '$10', '$10', '$10', '$10', '$10', '$10', '$10', '$10', '$10', '$10', '$10', '$10', '$10', '$10', '$10', '$10', '$10', '$10', '$10', '$10', '$10', '$10', '$10', '$10', '$10', '$10', '$10', '$10', '$10', '$10', '$10', '$10', '$10', '$10', '$10', '$10', '$10', '$10', '$10', '$10', '$10', '$10', '$10', '$10', '$10', '$10', '$10']",50
TU_2_3_2_2,1.0,gpt-4-1106-preview,10,10,stranger,"['$10', '$10', '$10', '$10', '$10', '$10', '$10', '$10', '$10', '$10', '$10', '$10', '$10', '$10', '$10', '$10', '$10', '$10', '$10', '$10', '$10', '$10', '$10', '$10', '$10', '$10', '$10', '$10', '$10', '$10', '$10', '$10', '$10', '$10', '$10', '$10', '$10', '$10', '$10', '$10', '$10', '$10', '$10', '$10', '$10', '$10', '$10', '$10', '$10', '$10']",50
TU_2_3_2_2,1.5,gpt-4-1106-preview,10,10,stranger,"['$10', '$10', '$10', '$10', '$10', '$10', '$10', '$10', '$10', '$10', '$10', '$10', '$10', '$10', '$10', '$10', '$10', '$10', '$10', '$10', '$10', '$10', '$10', '$10', '$10', '$10', '$10', '$10', '$10', '$10', '$10', '$10', '$10', '$10', '$10', '$10', '$10', '$10', '$10', '$10', '$10', '$10', '$10', '$10', '$10', '$10', '$10', '$10', '$10', '$10']",50
TU_3_3_2_2,0.5,llama-2-70b,10,10,stranger,"['$15', '$15', '$15', '$15', '$15', '$15', '$15', '$15', '$15', '$15', '$15', '$15', '$15', '$15', '$15', '$15', '$15', '$15', '$15', '$15', '$15', '$15', '$15', '$15', '$15', '$15', '$15', '$15', '$15', '$15', '$15', '$15', '$15', '$15', '$15', '$15', '$15', '$15', '$15', '$15', '$15', '$15', '$15', '$15', '$15', '$15', '$15', '$15', '$15', '$15']",50
TU_3_3_2_2,1.0,llama-2-70b,10,10,stranger,"['$15', '$15', '$15', '$15', '$15', '$15', '$15', '$15', '$15', '$15', '$15', '$15', '$15', '$15', '$15', '$15', '$15', '$15', '$15', '$15', '$15', '$15', '$15', '$15', '$15', '$15', '$15', '$15', '$15', '$15', '$15', '$15', '$15', '$15', '$15', '$15', '$15', '$15', '$15', '$15', '$15', '$15', '$15', '$15', '$15', '$15', '$15', '$15', '$15', '$15']",50
TU_3_3_2_2,1.5,llama-2-70b,10,10,stranger,"['$15', '$15', '$15', '$15', '$15', '$15', '$15', '$15', '$15', '$15', '$15', '$15', '$15', '$15', '$15', '$15', '$15', '$15', '$15', '$15', '$15', '$15', '$15', '$15', '$15', '$15', '$15', '$15', '$15', '$15', '$15', '$15', '$15', '$15', '$15', '$15', '$15', '$15', '$15', '$15', '$15', '$15', '$15', '$15', '$15', '$15', '$15', '$15', '$15', '$15']",50
